Page Views,Session Duration,Bounce Rate,Traffic Source,Time on Page,Previous Visits,Conversion Rate
5,11.05138124,0.230651937,1,3.89046007,3,0.01
4,3.429315699,0.391001334,4,8.478174487,0,0.01
4,1.621052046,0.397986106,1,9.636169627,2,0.01
5,3.629278955,0.180457685,1,2.071924676,3,0.01
5,4.235843279,0.291540874,2,1.96065383,5,0.01
3,4.54186782,0.420740049,4,3.438711548,2,0.01
5,1.949558016,0.034978157,4,2.119271472,1,0.01
4,1.685739755,0.25234276,2,3.478015701,5,0.01
6,0.033268033,0.120702771,1,5.28551908,1,0.01
7,7.833741755,0.212726886,2,4.060115223,5,0.01
2,2.773784434,0.485767822,0,2.973652787,3,0.01
5,0.681281294,0.453890552,3,1.499008557,0,0.01
5,7.562350901,0.263551977,4,9.688591918,0,0.01
6,7.392909563,0.263335944,2,4.981015475,2,0.01
4,13.58023187,0.320588094,2,5.802188906,3,0.01
6,6.21576716,0.296641006,2,10.02890318,2,0.01
6,18.3366796,0.337694551,3,2.984756678,0,0.01
1,0.841865914,0.249316381,4,8.30362448,1,0.01
7,5.540223444,0.256684547,2,8.793492245,3,0.01
2,5.195296488,0.172977736,2,2.889980024,2,0.01
11,0.787760269,0.251640726,1,11.69293807,5,0.01
4,0.310877893,0.644309989,1,4.164912574,4,0.01
3,11.65038153,0.287329568,0,6.025224139,1,0.01
8,1.053035393,0.183589716,1,3.72750665,2,0.01
3,6.141313178,0.09314584,4,5.083885619,2,0.01
3,0.012407085,0.118828262,3,1.336264957,3,0.01
5,0.063746928,0.056094122,4,7.05303439,1,0.01
8,1.881355422,0.013264164,0,2.107742851,2,0.01
3,0.818241206,0.158098155,3,15.0222197,3,0.01
2,3.512013371,0.135033107,4,1.552828446,0,0.00963079669
5,2.501122171,0.12373095,1,3.296032106,2,0.01
3,0.241957522,0.444408206,3,2.638993032,2,0.00868593275
8,0.53246165,0.250903219,4,0.966023815,2,0.01
10,1.473310519,0.213485799,1,9.004402387,1,0.01
3,0.61592587,0.075536222,3,1.951268458,1,0.00972276632
2,4.713860245,0.68193012,4,3.869525945,4,0.01
5,1.613923709,0.368471727,4,1.687480629,1,0.00892856006
7,0.294267273,0.148310175,1,7.17173107,2,0.01
6,1.986939821,0.230326717,3,2.992466163,0,0.01
6,0.285696546,0.480492545,1,4.219468464,1,0.01
2,0.414123974,0.266410874,3,3.279772549,1,0.00984004061
4,0.821770796,0.125454362,2,4.612913658,1,0.01
9,5.888235,0.293249096,2,8.652438902,0,0.01
7,7.755342687,0.460873286,2,3.300934784,1,0.01
11,5.250546843,0.288505451,1,5.276812813,2,0.01
8,1.219744672,0.613241098,1,3.061934986,0,0.01
3,0.954202987,0.401329736,1,1.425644129,1,0.00962493642
2,2.389899634,0.189480814,3,4.23789787,2,0.01
3,3.838818316,0.189265462,4,1.593548073,2,0.01
4,15.0497133,0.030525144,1,2.873870683,1,0.01
5,0.423207345,0.84493938,1,0.727810446,4,0.00749203659
5,0.151644923,0.189229164,2,3.97019724,2,0.01
4,3.556001669,0.160529651,3,3.154549987,4,0.01
3,5.355408459,0.386124735,1,3.834073321,1,0.01
8,5.619210148,0.358929582,1,3.910938078,2,0.01
2,3.403933092,0.048201669,1,4.879187494,4,0.01
1,9.238372528,0.526355517,1,5.415281971,2,0.01
4,2.146207593,0.159205739,1,14.33851631,5,0.01
5,7.353770371,0.222896704,1,9.84027064,2,0.01
4,10.30849747,0.64639033,3,5.316899879,1,0.01
3,5.635041055,0.054179402,3,2.769737315,1,0.01
4,1.112141503,0.293753959,1,2.814258945,1,0.01
8,0.655272806,0.268241018,3,0.370603051,2,0.00907349292
2,2.383016295,0.083114277,2,1.586549521,1,0.006252939910000001
2,1.810000329,0.158092854,0,3.079790782,2,0.01
2,6.305266175,0.24901885,1,4.219020148,4,0.01
7,0.316187119,0.234216542,3,18.23996376,2,0.01
6,0.894167326,0.220051016,3,4.770245176,5,0.01
7,4.180548461,0.10362923,1,5.464398173,3,0.01
6,0.299416735,0.496233396,0,1.380698487,4,0.01
7,1.160361754,0.539858292,2,2.253880627,1,0.01
6,1.468931618,0.115187943,3,3.09611905,1,0.01
4,2.923299627,0.171382316,1,0.989993628,2,0.01
2,0.516398441,0.190188388,1,4.681621703,1,0.01
3,5.911319979,0.323885389,2,1.962131629,3,0.01
4,1.780134878,0.273503888,1,1.22331653,2,0.01
7,7.467528883,0.509321749,2,6.36347233,0,0.01
4,1.892601889,0.139796164,1,3.103389527,0,0.01
3,0.964917466,0.485452184,3,4.377897111,0,0.01
2,0.458855097,0.369618687,2,1.24304707,2,0.00796755742
6,0.011256375,0.183126678,1,5.900334031,2,0.01
3,2.278870638,0.475960716,3,5.027113599,1,0.01
5,0.340032558,0.314158679,2,3.71491664,3,0.01
9,1.49139822,0.12497132,1,5.792328942,1,0.01
6,2.669470508,0.397080094,1,2.260658974,2,0.0086876104
6,0.96759041,0.232242852,1,2.650401069,1,0.01
9,0.577931397,0.645710669,1,2.572884453,2,0.01
4,4.471255226,0.147181221,0,0.79193609,2,0.01
9,8.800592886,0.289880142,2,2.99751001,1,0.01
2,0.317549966,0.167140253,1,3.493775652,2,0.01
10,0.507352514,0.235484023,1,2.134253607,0,0.01
6,9.657576919,0.051086871,1,3.107007652,3,0.01
9,0.115549655,0.110023884,2,3.276242705,1,0.01
4,11.40041688,0.066918596,1,5.553548993,3,0.01
1,0.013965907,0.313361357,2,5.755733748,4,0.01
6,6.20654132,0.256338124,1,9.081799797,1,0.01
8,1.10158388,0.306808599,4,2.270526196,5,0.01
6,8.370491992,0.296407906,1,7.478524876,0,0.01
2,1.143540954,0.38157368,2,6.619431042,3,0.01
3,3.186606655,0.068599468,3,1.121857386,3,0.01
5,0.250251034,0.045909719,2,6.971477092,2,0.01
3,0.832521286,0.283186624,4,1.12639772,1,0.00874484327
3,4.457407393,0.131191735,3,3.790101093,0,0.01
5,2.25669129,0.172712712,2,7.826826067,5,0.01
6,7.891978665,0.399818151,2,0.424393942,0,0.01
5,1.679792406,0.227532183,0,5.162229295,0,0.01
3,6.116335588,0.390992354,3,1.248632588,1,0.01
5,1.787818792,0.504288172,0,9.227409199,2,0.01
3,11.62537824,0.285231584,1,6.473043948,1,0.01
3,9.644231724,0.57390877,2,0.914021059,5,0.01
6,1.19756969,0.161777892,0,2.398132927,1,0.00908835703
5,6.512662491,0.135113555,1,8.233772652,2,0.01
6,5.643963817,0.236755004,0,4.468721982,3,0.01
2,0.709751901,0.164526488,1,5.685964729,1,0.01
4,2.93681633,0.253042795,0,2.644228966,1,0.01
7,0.226377211,0.545753359,2,6.688997323,1,0.01
6,5.436695792,0.103671196,1,10.67944941,2,0.01
5,0.5754648,0.2566508,4,1.421380169,1,0.01
4,0.220341299,0.449471114,1,2.521880288,2,0.01
3,1.533572549,0.317173009,1,4.47407384,2,0.01
3,2.580597142,0.187622049,1,3.058990148,4,0.01
7,5.791347003,0.194111552,3,4.398518979,1,0.01
7,10.97709127,0.443827605,0,5.067110645,3,0.01
6,1.736738034,0.199953158,1,3.072196814,3,0.01
6,0.1870529,0.219078217,2,2.179539054,3,0.01
7,4.14828876,0.270952874,1,3.784863276,3,0.01
8,2.498422852,0.304309187,3,1.0710392,0,0.01
6,1.782031239,0.055213692,1,1.987983514,0,0.01
3,1.110013939,0.21624186,1,2.725889502,2,0.01
7,2.093867337,0.05105229,1,3.551557937,2,0.01
5,1.24055053,0.113936326,2,8.767249214,0,0.01
5,4.244228026,0.211243916,4,0.668978698,1,0.01
7,2.355088125,0.33060232,2,3.643817953,0,0.01
4,6.283002241,0.285993546,1,5.672679926,1,0.01
9,2.352788346,0.05622645,2,2.934160623,1,0.01
4,0.816459471,0.477294487,4,2.252288265,0,0.01
5,5.713277468,0.198799077,1,3.275800365,1,0.01
2,2.444040268,0.334615418,1,2.296890371,2,0.01
6,0.695194863,0.146305967,1,1.492004578,5,0.01
3,2.930573927,0.315261031,3,1.815168733,0,0.01
6,1.328177689,0.51234922,2,1.844325298,0,0.009325454589999999
2,5.58150821,0.278067379,2,14.26480293,3,0.01
3,1.811563785,0.157511195,1,4.103969067,6,0.01
5,3.888717802,0.142534674,1,3.141011093,2,0.01
3,0.301239017,0.228472732,0,1.556128492,1,0.01
4,1.512664171,0.276907423,1,9.791441186,1,0.01
5,12.26653769,0.085754623,0,5.452240456,1,0.01
6,4.957980379,0.176561263,2,5.936922227,2,0.01
3,0.522848749,0.528060406,1,8.897551138,2,0.01
3,0.976210177,0.194541316,2,2.310208059,1,0.01
4,1.200608077,0.031379666,0,9.049868247,0,0.01
5,3.152601387,0.139459572,2,4.376876323,2,0.01
4,4.24401681,0.246271411,4,7.275034714,5,0.01
2,4.153207761,0.177797787,1,3.549808344,4,0.01
6,2.139278679,0.39945849,2,2.35352117,1,0.01
6,4.995177538,0.394311397,4,5.883734969,3,0.01
8,1.723843053,0.021722598,0,1.346004107,2,0.01
1,0.396758569,0.254944949,2,5.419541377,2,0.01
6,2.493380843,0.115202968,3,0.207017382,3,0.01
2,9.128558726,0.104061662,1,0.846540305,1,0.01
5,4.72501745,0.593563627,1,1.740479856,6,0.01
2,2.593234942,0.156004809,1,3.016579317,5,0.01
6,3.122210509,0.113945985,1,6.081979543,2,0.01
4,8.001964201,0.322041648,1,1.934706396,3,0.01
3,1.677647275,0.48083391,1,4.803429497,2,0.01
5,1.207681617,0.094474674,0,3.116233382,0,0.01
6,11.3484583,0.123484979,3,7.008283027,0,0.01
3,5.97304244,0.294240023,2,1.586454442,1,0.01
4,1.170445162,0.631519875,0,2.664499798,3,0.01
8,1.869635605,0.303513565,1,8.023780429,2,0.01
4,1.608830984,0.565697582,2,1.436848946,2,0.00824802799
10,0.484366763,0.642029922,3,5.274311468,4,0.01
4,9.497379219,0.328384314,1,0.557270606,0,0.01
5,1.554116888,0.376770582,3,8.505160283,2,0.01
10,6.246233023,0.184526614,1,1.756233587,0,0.01
3,0.629779699,0.419572941,1,1.909935826,7,0.01
4,2.381361968,0.141586658,1,1.046237142,1,0.00993382912
7,0.072759387,0.126849172,0,5.003371014,1,0.01
5,4.334574493,0.450916934,3,3.83193797,4,0.01
10,2.60903666,0.167680215,3,1.523506714,3,0.01
4,2.947208139,0.311270313,2,3.342979663,2,0.01
2,0.159319177,0.390765774,1,13.33602859,1,0.01
3,0.71111262,0.173115824,3,6.910315317,1,0.01
5,0.231715265,0.099494056,2,7.983271936,2,0.01
8,1.022887033,0.036005997,1,1.864586258,1,0.01
4,2.96206355,0.139147026,3,1.628082142,3,0.01
3,2.505418116,0.651012607,1,0.663175408,2,0.01
8,2.841408456,0.141029221,1,4.301892388,0,0.01
6,2.390535712,0.044676581,4,2.726465352,2,0.01
8,0.956605233,0.558240771,3,8.402272184,2,0.01
3,0.841156263,0.116204936,3,8.00141814,3,0.01
3,0.442229246,0.386555142,2,4.917496225,1,0.01
5,5.672834768,0.049907296,1,1.161455216,5,0.01
11,2.875085507,0.342330886,3,1.073812166,2,0.01
7,0.619268669,0.528105761,3,0.341887963,1,0.00799929173
4,0.585160563,0.121313722,2,1.559234261,2,0.01
3,6.191545676,0.10249935,0,1.160473246,2,0.01
8,4.072897558,0.31506405,0,5.168079938,2,0.01
8,3.231131428,0.210062604,2,2.595962689,1,0.01
3,1.566995236,0.390915606,4,2.170248239,1,0.01
3,0.911335033,0.494703788,2,3.120682956,2,0.01
6,11.65479442,0.278464813,2,3.519864491,3,0.01
2,4.787190508,0.525281156,1,2.014428472,4,0.01
7,1.077659781,0.442830952,2,2.683800535,1,0.01
5,5.643047001,0.105122621,0,5.53881741,1,0.01
5,4.268028043,0.24248273,4,6.247581499,2,0.01
6,1.057538922,0.097318584,4,1.141330562,0,0.00937471179
1,1.668268522,0.384199575,1,2.918301478,3,0.00962735154
10,0.617213167,0.338042743,1,9.027136636,4,0.01
2,0.353151113,0.24237833,1,9.169156549,2,0.01
5,3.848637163,0.182125074,1,8.427336657,2,0.01
4,0.933924377,0.171162763,2,4.560344051,4,0.01
5,5.145384877,0.153002285,1,2.794543368,0,0.01
4,16.28439777,0.283684418,2,0.408304231,2,0.01
5,0.23914268,0.11521874,2,1.388833392,1,0.0078059752699999995
6,1.921864151,0.199260327,1,3.167497505,1,0.01
1,4.859412763,0.125634099,1,5.672978403,0,0.01
3,4.666993364,0.643345941,4,4.863526558,2,0.01
2,4.281313546,0.139822613,1,1.077954845,4,0.01
5,1.287713571,0.237531535,1,2.285622245,2,0.01
4,1.814602731,0.165928127,4,8.674680382,2,0.01
7,2.711370255,0.380022629,0,2.900913518,0,0.01
7,10.9421283,0.321169119,3,4.910351437,3,0.01
2,1.190470384,0.610016719,1,2.395231542,1,0.00989809721
6,7.697460831,0.308326964,1,0.633561235,3,0.01
7,0.941490596,0.254939341,0,3.961049127,6,0.01
2,13.54995784,0.148651125,4,2.80017644,4,0.01
7,3.328385985,0.680795587,2,3.001540945,0,0.00949344453
5,1.868130347,0.273163936,1,3.579698962,1,0.01
7,2.85101986,0.131587225,1,1.499107639,1,0.01
6,0.954552375,0.628660794,1,3.437920074,2,0.01
5,0.961334298,0.458857366,3,1.550935479,3,0.01
6,0.361607048,0.338964234,1,4.933953994,0,0.00875163627
5,0.363285298,0.085323328,0,20.0212847,5,0.01
4,1.281622139,0.09780091,1,1.895128806,0,0.01
7,4.317256577,0.343015565,3,8.746138672,6,0.01
1,2.80925967,0.389264371,1,3.169156083,0,0.01
8,0.324709142,0.310863705,2,3.545783448,2,0.01
4,5.736427276,0.552722867,1,2.892015115,4,0.01
5,2.759146973,0.273600046,4,1.853439804,3,0.01
3,9.72149194,0.159007987,2,2.237548302,1,0.01
7,3.327674415,0.67117782,1,10.75544236,3,0.01
2,0.577751613,0.160230757,4,1.498222682,3,0.00838406151
5,1.926126877,0.33322582,2,6.633625657,2,0.01
10,3.136616199,0.361554189,0,2.496411124,3,0.01
7,0.086015513,0.291312499,0,0.517605415,1,0.00832466902
7,0.045067619,0.329030485,0,3.408635542,1,0.01
10,0.415728289,0.262850065,1,13.63962071,2,0.01
1,0.869711356,0.118907584,1,5.90091089,0,0.01
5,1.683984658,0.157841287,0,0.209127312,3,0.01
3,2.005015278,0.143222569,2,5.504601131,1,0.01
8,0.445596113,0.174029271,1,2.699797958,4,0.01
7,3.356979946,0.163002423,4,1.20327861,2,0.01
3,2.720046589,0.792654782,1,2.402637131,4,0.01
1,1.046392864,0.253216988,3,1.266106876,1,0.01
5,0.041262114,0.133916763,4,0.572741948,0,0.00528802627
3,0.242484773,0.167243421,4,1.722424782,1,0.0050822676
6,1.491235527,0.050577028,1,2.05062565,3,0.01
3,0.501616806,0.255697472,2,1.998384892,2,0.01
4,1.418757736,0.281449719,2,2.35345073,3,0.01
5,2.968057253,0.695008851,2,1.881070385,2,0.01
8,2.377162243,0.231774866,1,3.280392214,0,0.01
7,0.788679157,0.345858409,2,8.616289797,2,0.01
5,1.263971802,0.181412395,2,0.644302448,1,0.00927654017
4,2.855996213,0.387096181,2,4.357585118,1,0.01
6,5.916716777,0.441248319,4,4.323490699,2,0.01
8,4.197694321,0.06006809,2,1.295974929,2,0.01
4,2.418275999,0.007868091,1,7.360139157,0,0.01
3,1.349629038,0.478026952,3,0.673726946,3,0.01
2,1.362633106,0.356761142,4,5.528478252,1,0.01
3,6.346258619,0.082811695,1,3.578504027,2,0.01
9,0.120103089,0.413105125,3,1.235251885,2,0.01
5,13.26421013,0.07920017,1,8.725271739,2,0.01
4,3.275286114,0.317150776,1,0.627118185,1,0.01
7,3.428987784,0.21073013,0,7.593991678,2,0.01
8,0.116215741,0.497867083,0,1.902036146,4,0.01
4,2.790631047,0.414140172,2,2.707655757,2,0.01
4,1.98947256,0.16358183,3,1.17401266,5,0.01
8,0.33540668,0.424102463,4,2.04213062,3,0.01
5,0.976866383,0.420538209,0,6.108036618,2,0.01
5,6.6304131,0.450129415,2,4.202479922,2,0.01
6,2.395445862,0.476047048,2,10.21244597,2,0.01
7,1.600321138,0.351838663,2,1.372679456,5,0.01
2,0.226376695,0.040495972,1,2.413296505,2,0.01
1,3.756565438,0.568450678,2,4.436431522,0,0.01
7,3.640562964,0.326215312,4,4.452984315,7,0.01
5,2.856092662,0.233084838,4,2.583004418,4,0.01
4,2.141658133,0.169027932,4,1.045512406,1,0.009049883869999999
4,1.706341075,0.558438207,1,7.812038667,5,0.01
3,2.698825175,0.342324358,2,1.37532703,0,0.01
8,0.797352579,0.789795452,1,1.958779602,3,0.00958407796
7,8.503855265,0.115574108,1,2.598160573,0,0.01
1,2.665986781,0.018612442,0,4.128671031,4,0.01
2,1.11838007,0.302519321,2,1.239293758,2,0.01
4,1.791765242,0.373464416,4,2.526628101,4,0.00952466138
6,4.914820917,0.476520171,1,5.83724341,0,0.01
4,0.528837366,0.230609813,2,9.15937315,1,0.01
6,1.03947642,0.227726906,3,1.691866096,1,0.00977705519
8,3.413694105,0.269481993,1,0.594506407,1,0.009803973780000001
7,1.137152598,0.168316577,1,4.34690697,2,0.01
5,4.717896134,0.39422182,1,0.7730915,4,0.01
2,0.419350359,0.239935332,3,3.940186226,4,0.01
1,4.315115515,0.567646641,0,2.777165188,0,0.00951611594
7,0.212399736,0.117868831,4,2.617454853,2,0.01
4,0.038017715,0.188414322,0,1.306244472,3,0.01
1,6.854928694,0.242393074,4,10.41547871,1,0.01
6,2.612082822,0.197705412,4,2.297362733,0,0.01
5,1.300792453,0.3991072,2,5.418335299,0,0.01
8,0.794220338,0.2230009,2,3.473259751,0,0.01
5,2.878266355,0.159566917,2,4.891406796,2,0.01
4,2.133946795,0.323782943,4,8.43677391,1,0.01
10,14.33777637,0.309484183,1,1.312369931,1,0.01
7,12.2619853,0.365997867,1,1.613104655,1,0.01
4,3.023775696,0.432309718,0,2.096672242,1,0.008220336029999999
8,1.754872745,0.649902041,1,8.334458771,4,0.01
5,2.026752762,0.084160727,0,5.725969783,1,0.01
5,3.441634589,0.398045129,3,2.854758956,1,0.01
5,0.321334624,0.09209787,1,2.512742806,1,0.01
2,1.194062985,0.097201303,3,2.178513118,1,0.00961311664
3,0.234767698,0.138081862,4,4.313047966,3,0.01
4,0.228572874,0.026546465,1,8.050592305,2,0.01
9,0.653868246,0.205359798,4,4.563618804,2,0.01
0,1.992240767,0.357889124,4,3.300227848,3,0.01
5,4.608204397,0.091569081,1,5.059560529,2,0.01
5,1.993655213,0.510478348,1,1.890173686,1,0.01
5,1.226055609,0.122064153,1,9.069597697,3,0.01
5,0.25782745,0.023322517,1,9.055312572,0,0.01
4,2.39749389,0.084715145,1,3.145491105,4,0.01
9,0.949350139,0.09188305,3,1.746818773,3,0.01
6,2.863022979,0.457164239,1,1.746603375,3,0.01
2,11.34137139,0.390301342,4,2.458419805,1,0.01
6,0.35403502,0.232811938,1,4.064775167,2,0.01
6,0.715249012,0.329877148,2,0.505146668,4,0.01
6,1.922202407,0.471019294,3,2.766064942,3,0.01
5,10.38416239,0.314335172,4,5.946264438,1,0.01
2,4.43272705,0.28598545,2,2.338076626,0,0.01
5,6.855095957,0.460388216,1,1.56601603,1,0.01
3,1.218112634,0.133241515,4,3.832732638,0,0.01
3,14.49940368,0.072743359,1,2.818959229,5,0.01
3,0.325539159,0.277410551,1,5.038873368,2,0.01
6,0.163282728,0.253145725,2,1.06922354,2,0.007642584
6,5.805558737,0.122654777,4,3.92379441,2,0.01
4,7.862792386,0.423129407,1,8.053915466,0,0.01
5,0.284862409,0.190941019,2,4.039796444,1,0.00908741342
5,0.361176876,0.168222488,2,1.715552636,0,0.007984590219999999
7,0.101210703,0.3393339,0,0.257339681,2,0.00987174848
5,0.331144508,0.183055526,1,1.428034328,5,0.01
3,0.704964582,0.036751595,1,2.568988402,1,0.01
4,10.52734538,0.310123641,2,0.640532611,1,0.01
7,3.306598144,0.162100579,1,3.043895788,3,0.01
5,4.522716333,0.28500485,3,2.530810379,1,0.01
7,4.490195276,0.202252771,3,1.11504892,1,0.01
8,2.297629463,0.231686229,4,4.678400742,1,0.01
7,4.790882889,0.168928447,4,5.452857024,2,0.01
5,2.717592328,0.395902358,0,9.591394006,3,0.01
8,1.133022087,0.045196767,2,2.636885612,2,0.01
4,2.470520144,0.114695175,0,0.998782825,2,0.01
6,2.287546993,0.178998234,1,1.195085769,3,0.01
8,5.202505361,0.294336279,3,7.352477028,2,0.01
6,12.00702784,0.13536982,2,3.461222823,2,0.01
3,1.588204096,0.274286606,4,2.820098544,4,0.01
8,4.324034791,0.2391811,2,6.479232666,1,0.01
4,0.315291664,0.437149309,4,1.819372053,3,0.01
7,4.499482807,0.389505488,0,8.413692091,4,0.01
2,1.392861178,0.437873795,3,2.04612436,2,0.00597029999
10,0.120560848,0.105332083,4,6.033490865,3,0.01
6,1.354116491,0.123874479,1,3.343995628,2,0.01
4,2.829773936,0.33271551,1,3.644371365,2,0.01
5,0.380944956,0.075670128,0,2.617799748,3,0.01
6,7.732427668,0.129964668,3,8.3392635,3,0.01
4,0.242564455,0.181984804,2,1.586114268,4,0.01
5,7.978068117,0.160501739,1,6.762421624,2,0.01
6,3.684156374,0.465518585,1,1.32038281,1,0.01
3,1.20014421,0.313053672,1,0.487403329,3,0.01
7,1.486581472,0.117719756,2,4.575833142,1,0.01
7,4.050574334,0.602871836,1,2.986751161,1,0.01
8,2.759925791,0.313151433,1,3.224841102,1,0.01
4,3.340960826,0.099975519,2,0.823106748,3,0.01
7,1.478783333,0.127397477,2,2.9889362,2,0.01
3,2.007199281,0.476143201,1,1.905431034,1,0.01
4,13.77601687,0.306382532,2,11.02958591,0,0.01
4,0.722101087,0.256000205,0,5.069309677,0,0.01
0,1.623113279,0.170705004,2,3.401470318,2,0.009961858609999999
1,1.035184444,0.434359543,4,6.16801505,1,0.00980189912
1,4.34593317,0.045377183,0,2.452759966,2,0.00998369068
7,4.331930922,0.09655254,1,3.52639315,2,0.01
5,1.037821697,0.14567486,1,2.386727731,1,0.01
5,0.254681897,0.10294484,2,1.980368421,5,0.01
8,0.034495596,0.324118136,2,4.024737292,0,0.01
3,1.672968427,0.460078283,2,6.141878722,4,0.01
5,1.584615299,0.603165264,1,3.134555749,3,0.01
3,13.36763409,0.098501528,3,1.541855598,3,0.01
5,1.9035147,0.309396648,1,2.687957087,0,0.01
1,0.888830181,0.248912429,0,1.934396256,5,0.01
7,6.655543737,0.308654553,1,2.409601036,2,0.01
2,2.026322303,0.405908393,0,2.046413883,0,0.00775336583
4,2.742695822,0.207776561,1,5.136301194,1,0.01
6,0.301678545,0.566279256,1,12.80147015,4,0.01
7,1.448252345,0.470775441,1,2.332391042,2,0.01
9,8.65921732,0.284050866,0,3.384335095,5,0.01
4,2.671177399,0.33995081,1,2.062480964,5,0.01
1,1.267079418,0.081871014,3,1.750778661,2,0.01
4,2.947829958,0.082488904,4,2.067491132,2,0.01
6,7.237571203,0.092215214,3,0.314038741,2,0.01
3,0.960576952,0.293778491,1,5.072772622,3,0.01
4,2.110300017,0.375728749,0,0.93427268,2,0.01
2,9.559999521,0.067299725,4,4.440053675,0,0.01
6,0.567662019,0.225033678,2,3.207502056,1,0.01
8,3.815298389,0.085575178,2,2.91613722,2,0.01
7,2.859494465,0.274069746,0,5.223592211,2,0.01
2,3.415258749,0.208925901,0,4.223186087,1,0.01
6,1.297983101,0.318243695,2,4.998269234,5,0.01
9,1.130105479,0.334574213,4,4.909407585,0,0.01
3,3.4580304,0.371905277,1,4.880486115,2,0.01
8,0.728291651,0.198879392,1,3.700110175,1,0.01
7,1.632396255,0.430816827,1,8.955681608,2,0.01
6,0.62541013,0.106303736,1,3.632154922,1,0.01
10,0.025018555,0.212806418,3,11.82438278,3,0.01
5,10.52541519,0.204129248,2,1.80038714,3,0.01
5,1.695333216,0.249412834,1,1.196587251,0,0.01
5,10.45533011,0.161992307,2,5.251469916,1,0.01
5,0.453597439,0.784482714,1,0.327198561,1,0.00468486127
4,2.655588499,0.216079832,0,5.60620716,2,0.01
10,0.673085502,0.08066381,4,0.736712968,7,0.01
3,4.683002388,0.154099872,1,2.961305553,2,0.01
2,4.593308291,0.147940769,0,5.585758823,3,0.01
6,0.358402489,0.241904739,1,0.828145316,3,0.00719286001
4,7.293453456,0.204583297,3,2.714623465,1,0.01
4,0.649359125,0.152512896,0,5.925250856,0,0.01
8,2.847816116,0.56471266,1,0.365810605,1,0.009827260669999999
5,12.72859359,0.157136983,3,3.745821535,1,0.01
4,6.421310333,0.325995025,1,2.062483746,1,0.01
7,9.409395132,0.295559122,1,7.440879058,1,0.01
4,1.258382246,0.320132629,2,2.35323792,5,0.01
2,0.33472483,0.222133457,0,12.96431643,5,0.01
2,0.626046642,0.229511272,2,3.377321505,2,0.01
3,2.082412383,0.469082547,0,3.069837449,3,0.01
3,4.728439976,0.178708412,0,1.925624694,3,0.01
8,0.488099111,0.285469741,1,2.431642733,2,0.01
6,3.234061086,0.286231222,2,5.340246996,0,0.01
0,1.172812656,0.347784441,3,2.599769344,2,0.00932830269
8,1.252015279,0.547837985,2,1.856067682,2,0.01
5,3.253398034,0.118952118,1,0.914731878,2,0.01
4,1.887698297,0.316972894,0,2.226469084,2,0.01
5,5.014471267,0.28559546,4,5.131792939,3,0.01
7,0.50851871,0.539535724,2,1.829128578,2,0.01
6,4.681204332,0.337951822,3,16.32290146,3,0.01
3,0.199173502,0.278446149,1,8.343286107,1,0.01
4,0.647215163,0.414254368,2,0.358837972,2,0.00926050249
2,3.202646799,0.203828621,0,2.532268591,5,0.01
4,5.791526863,0.304921332,4,2.143944168,0,0.01
1,0.873783922,0.219933496,1,0.556033141,1,0.008019253050000001
9,1.188884082,0.495141086,2,2.210918539,3,0.01
3,2.310867163,0.104806873,3,2.199760346,1,0.01
1,0.713145637,0.361312018,1,5.517536412,2,0.008200189949999999
5,5.00050616,0.505923023,1,6.461177333,3,0.01
4,4.456841416,0.258080711,2,5.626578126,1,0.01
6,0.470985156,0.381699475,3,8.166845135,2,0.01
5,1.869910512,0.047619667,1,3.335884109,5,0.01
8,4.472669064,0.414772948,1,3.32845172,3,0.01
5,1.234432328,0.458863866,1,5.268935816,1,0.01
7,3.00805363,0.246035079,1,2.229985485,3,0.01
4,0.154552974,0.261906826,2,3.86127806,4,0.01
1,2.81475608,0.287894938,1,3.721134082,3,0.01
5,0.49693489,0.150131139,1,4.296920724,2,0.01
4,5.3261822,0.143334457,4,6.733017067,4,0.01
3,1.317606144,0.452323237,1,1.634691011,3,0.00868693089
2,0.991993625,0.20972948,2,1.681804785,0,0.00860090129
12,5.514459182,0.279516204,0,12.08349527,2,0.01
5,0.154334727,0.020209225,3,1.635528335,1,0.01
10,1.515568606,0.202020509,3,2.324713471,3,0.01
6,1.386123239,0.043257353,2,4.610230194,1,0.01
1,1.005580735,0.199787564,1,0.431941819,1,0.00511861912
6,7.282892017,0.203025538,3,2.063063187,1,0.01
2,4.170044543,0.283999988,3,1.164171833,0,0.00972978412
4,0.198173149,0.162738503,1,0.887592644,0,0.00713097968
5,3.762510093,0.556066136,2,6.638986577,2,0.01
8,2.247877522,0.147413425,0,5.649883602,3,0.01
4,6.933905755,0.130105364,1,1.406252623,1,0.01
2,1.126025491,0.466192105,2,6.854873678,3,0.01
1,2.561088857,0.283508088,2,7.175534731,3,0.01
8,2.083976616,0.742734368,4,8.168886876,1,0.01
8,2.017451867,0.171354575,4,7.289645092,3,0.01
4,1.8269994,0.156035415,4,3.931784481,1,0.01
1,0.690615813,0.048328037,1,2.280971104,2,0.00999810472
9,4.228196753,0.223936767,1,5.614024144,3,0.01
4,1.800807319,0.272593292,1,2.441558899,1,0.01
2,9.547362292,0.058161654,3,4.07025871,6,0.01
4,0.906594477,0.309701679,3,2.199124677,5,0.01
3,3.444137264,0.181569199,0,3.066732517,2,0.01
8,8.476302106,0.211802397,2,1.121853834,1,0.01
9,3.26709985,0.246869825,3,5.358929094,1,0.01
4,6.150182036,0.276803284,2,4.255955912,1,0.01
4,5.271743011,0.113755689,1,0.792227047,0,0.01
5,1.33941315,0.193019968,2,2.456323635,2,0.01
11,2.749801889,0.282086947,2,6.102849998,1,0.01
8,0.50973743,0.378295727,0,1.410717462,1,0.00900291806
6,2.300548332,0.298915571,1,1.451157998,3,0.00989946004
2,0.785738789,0.228147702,0,2.682372422,1,0.01
8,4.084650888,0.131622418,2,1.841087133,4,0.01
7,2.252700229,0.584260022,1,9.130285328,2,0.01
6,1.589145554,0.670930262,1,1.834258587,1,0.01
5,0.939192863,0.119312159,1,2.06542489,0,0.00851375985
3,19.93267164,0.250433579,2,0.188309106,2,0.01
5,0.223234968,0.6687615,1,2.605130186,0,0.00925304068
3,0.133613797,0.18850221,2,5.557134104,2,0.01
3,0.73485412,0.352727587,0,5.218668994,1,0.01
7,10.62888345,0.335824663,3,5.404504099,0,0.01
4,11.62391698,0.31890757,4,4.935170438,1,0.01
4,3.192004258,0.571462121,1,10.28372383,1,0.01
6,6.363458475,0.276430748,2,3.995125686,2,0.01
6,0.722249398,0.233936791,1,2.026807168,2,0.01
3,10.73116579,0.29278406,4,2.152462893,0,0.01
4,0.462199026,0.233906502,1,2.519294356,1,0.01
6,0.319834521,0.401436058,2,1.67847273,4,0.01
6,0.357065353,0.09689916,2,4.289220612,1,0.01
6,2.55381269,0.171365151,2,5.799863509,0,0.01
6,4.555699993,0.252082371,4,2.261834787,2,0.01
3,1.370277629,0.361237862,1,7.039498418,3,0.01
5,11.43598842,0.188024281,1,1.091149452,5,0.01
2,1.70971131,0.382309667,4,0.428272649,3,0.01
5,0.489140327,0.217161103,2,2.194252587,2,0.01
3,1.881891518,0.692524687,2,0.494582769,4,0.01
3,3.409289828,0.314983202,1,1.527054525,0,0.00730407109
5,5.355408405,0.591597537,4,3.645431128,0,0.01
11,1.841723377,0.34887354,0,0.708657769,0,0.01
7,2.701302538,0.114266594,3,3.414782126,1,0.01
7,0.933239891,0.105947615,4,1.882114876,0,0.01
4,3.114667778,0.240746983,2,4.905288054,4,0.01
1,12.80008785,0.444960196,1,0.853810452,2,0.01
4,0.150892653,0.179093776,1,1.882119734,4,0.01
5,6.528668115,0.065253789,3,1.643101105,4,0.01
4,2.478544681,0.605469653,2,3.65691555,0,0.01
4,0.871452623,0.097646144,4,2.046011282,1,0.00832439045
7,9.295934697,0.2586435,3,4.819333441,1,0.01
6,1.981193835,0.246013043,0,3.733268039,3,0.01
8,1.209010553,0.049225381,2,3.096045273,1,0.01
4,0.600836954,0.364635548,2,2.567608101,3,0.01
3,0.84093673,0.161348492,1,9.548385899,2,0.01
0,5.366573797,0.098747475,2,3.387571947,2,0.01
4,2.858942023,0.67788403,4,4.182923861,1,0.00937683641
1,7.334023097,0.474198195,1,4.123284819,0,0.01
4,0.791773406,0.245653377,0,2.063405403,1,0.0071034107800000005
3,0.387384129,0.622614116,0,0.421250361,1,0.00714383971
5,0.018318407,0.091171912,2,9.033040065,1,0.01
6,2.126988571,0.21443791,1,2.299828638,7,0.01
6,19.14363617,0.296693145,1,4.02973372,2,0.01
4,3.561988908,0.425551826,1,9.397374059,3,0.01
4,1.106219117,0.318214031,1,2.125564079,4,0.00911939428
5,6.283265558,0.208292662,2,2.702707577,2,0.01
1,4.565961053,0.066625058,1,7.329865601,1,0.01
9,0.046605645,0.26771831,3,1.950059613,0,0.01
7,5.092521046,0.137906576,1,1.185222484,2,0.01
5,1.072283213,0.097396061,1,0.662854192,2,0.01
4,0.486404532,0.298528424,2,15.27774418,2,0.01
5,0.769832815,0.261426453,0,8.675913616,6,0.01
4,1.896606725,0.175444492,3,0.218927192,1,0.01
1,1.659466718,0.560390961,2,5.42036866,4,0.01
3,1.022773055,0.315658745,4,9.181610398,2,0.01
7,0.567017501,0.085366136,3,3.098959491,0,0.01
6,4.30936434,0.211630209,4,2.375374489,4,0.01
10,13.8486278,0.590171274,1,2.516002091,2,0.01
4,4.512418532,0.442885423,4,8.286734015,2,0.01
5,1.052662177,0.729019064,1,1.569542784,3,0.008074644819999999
6,0.842353591,0.305069468,0,1.597971773,1,0.01
6,0.736420084,0.323991658,1,1.57907885,0,0.00906455951
8,0.440961955,0.200035989,0,0.126678625,0,0.007416358840000001
4,2.40440656,0.381602221,0,2.454699278,4,0.01
3,2.789650884,0.138160317,1,7.519666599,3,0.01
3,3.667455931,0.06221773,0,4.517620226,1,0.01
9,3.420303869,0.384800642,1,4.973141644,0,0.01
7,1.037346224,0.529709955,1,4.086094249,0,0.01
2,1.202825585,0.128679362,2,2.762675601,1,0.01
2,3.432535327,0.168942374,0,2.86858136,0,0.01
4,1.289800481,0.315384982,2,4.169699529,2,0.01
6,0.717145055,0.608597859,2,2.168847911,1,0.01
9,1.406826117,0.035645664,3,1.467398688,3,0.01
11,0.952709516,0.087556538,0,2.348153776,3,0.01
4,0.277374731,0.363312482,4,1.007076825,0,0.00852436495
7,5.318322744,0.326318155,1,1.677029166,3,0.01
7,5.754242186,0.027053411,1,6.638585688,2,0.01
3,0.744423848,0.337420988,1,2.718704156,2,0.01
7,0.200895427,0.224216548,3,4.061434729,2,0.01
5,4.027721792,0.13911705,1,4.541280781,5,0.01
2,0.712977532,0.088319812,1,3.315598387,4,0.01
9,1.499832573,0.196632147,4,5.935198757,2,0.01
6,0.19885294,0.311858452,1,1.938400727,5,0.01
3,0.7695953,0.287652664,2,4.189476221,1,0.01
6,4.723693535,0.439439346,1,1.315052517,1,0.01
3,4.894996069,0.155536024,1,0.229859754,2,0.01
2,0.69611709,0.279358116,1,1.84650737,2,0.01
8,1.22803016,0.59475389,2,2.86015828,0,0.00857522498
4,0.432437157,0.077719754,4,1.398357618,2,0.0034366458900000002
5,0.231202463,0.259273096,1,9.031336937,1,0.01
4,14.55003526,0.239397829,1,2.962171481,2,0.01
3,3.19780183,0.245629467,4,5.103537226,0,0.01
4,2.343290508,0.149166535,4,7.753619465,3,0.01
3,4.350879889,0.228274051,4,3.355275997,3,0.01
11,5.499191484,0.540085384,0,1.943676716,2,0.01
6,4.930764886,0.406959852,4,1.177187519,0,0.01
5,0.050033259,0.590495513,2,0.682661987,1,0.00867616219
5,0.620363729,0.442881542,4,5.447255671,3,0.01
5,3.191809239,0.245295603,2,5.882262926,1,0.01
3,1.413657973,0.264205838,1,7.975180224,4,0.01
6,12.13369056,0.544289802,1,7.04402132,1,0.01
4,3.284501442,0.134096096,1,9.70128077,1,0.01
5,9.408357936,0.201210728,1,5.91338323,2,0.01
3,0.67485987,0.325353689,1,3.78541993,2,0.01
7,5.98435342,0.216508742,1,2.255782293,2,0.01
3,1.162959438,0.282316247,4,3.034358557,3,0.00897896538
6,13.68771409,0.186555115,0,3.320067856,3,0.01
7,0.514816755,0.234838612,2,8.782333224,2,0.01
1,2.179118172,0.095631588,4,7.198770264,2,0.01
6,4.72285717,0.216856988,1,1.620715678,1,0.01
4,1.700296885,0.2765028,0,4.216836409,1,0.01
2,1.89380943,0.218600291,2,5.191202248,1,0.01
2,12.88332128,0.136830957,1,4.800778579,0,0.01
5,1.661763886,0.243966451,1,2.432419124,2,0.01
5,2.77956947,0.155776394,1,3.19510358,3,0.01
3,0.168250016,0.117039081,1,6.408842255,3,0.01
5,5.539472257,0.375354137,1,2.556478474,4,0.01
11,3.133804888,0.079136736,1,1.389461929,4,0.01
2,1.552645026,0.204943372,1,5.118529117,1,0.01
6,0.04890508,0.288039924,1,3.020125557,6,0.01
5,2.687030159,0.345330234,0,6.903995903,3,0.01
3,0.038215864,0.683238418,1,3.412665935,1,0.00705522655
4,0.003613017,0.343929208,1,0.102908269,2,0.00650699634
10,2.872108295,0.077237151,3,4.044414241,4,0.01
1,0.62852481,0.369448089,4,4.393643437,2,0.01
8,0.639162177,0.452196543,1,7.167126058,2,0.01
3,3.177640248,0.269267353,4,1.746011434,1,0.01
5,0.165577992,0.225758026,1,2.236010886,0,0.0083357028
4,1.128034494,0.277988429,1,1.797174379,1,0.01
11,0.485552407,0.355630988,1,6.830538607,1,0.01
3,2.603761752,0.417402902,3,1.228754813,5,0.01
4,3.252044449,0.261752995,1,5.245660068,1,0.01
3,3.831091639,0.390195532,3,1.652763706,2,0.01
3,0.884044401,0.069617784,1,3.220612641,1,0.00919122055
8,0.280459711,0.173834387,3,0.743051374,4,0.01
1,0.245855472,0.18607011,1,4.98970283,2,0.01
5,1.666169818,0.091668958,2,2.892379178,1,0.01
7,8.747682185,0.281932058,2,5.634663643,1,0.01
3,0.736662285,0.333314111,3,4.910241559,1,0.01
7,0.890134552,0.519842489,1,2.326734227,4,0.01
5,0.319045685,0.26552452,4,1.710609349,3,0.01
7,2.790942866,0.370553002,3,3.43175196,0,0.01
5,3.417111279,0.364036796,1,2.08235095,0,0.01
7,3.089480465,0.222855999,0,10.71673503,0,0.01
5,5.922656356,0.315667881,3,3.348669273,1,0.01
4,1.999082489,0.134933347,2,7.499378056,1,0.01
5,0.433194811,0.483225121,1,4.096955476,3,0.01
11,1.024958447,0.527233083,2,2.849958506,3,0.01
7,3.257946912,0.341812343,1,1.615457294,2,0.01
6,2.84893744,0.357139691,2,4.351573405,4,0.01
3,2.271477551,0.120347306,2,1.381755565,1,0.01
0,3.446223803,0.441664121,3,3.699365146,2,0.01
10,3.043289243,0.22064778,1,4.443160263,0,0.01
5,6.394097049,0.38161989,4,2.756716975,1,0.01
5,2.645786595,0.230445419,1,5.63955697,1,0.01
3,4.523371187,0.286190059,2,2.160461192,2,0.01
4,0.857879293,0.267019529,4,6.196473623,2,0.01
2,3.401312781,0.11463312,3,7.454386412,3,0.01
2,6.974311694,0.56885057,1,4.258929191,2,0.01
7,1.461973493,0.2697323,1,5.560523214,1,0.01
3,4.530192374,0.408347904,1,4.846905858,2,0.01
1,3.870654892,0.32428201,2,4.233456594,2,0.01
3,0.184114454,0.09219368,1,4.22522503,2,0.01
7,2.613294735,0.063898273,3,1.228158615,2,0.01
5,0.418439201,0.037336904,2,6.582763687,1,0.01
5,10.26290004,0.155597194,1,3.173374521,0,0.01
4,5.004500072,0.196887513,1,3.451759403,0,0.01
5,0.348670586,0.201593523,1,3.040784495,2,0.01
5,0.389478787,0.424762682,1,1.675768736,3,0.01
3,2.707709794,0.207344946,2,2.765682261,2,0.01
3,1.268852574,0.03313243,2,7.756455818,2,0.01
6,0.106588881,0.185983828,4,1.828669941,5,0.01
6,2.340311001,0.037686627,1,0.225583215,2,0.01
4,1.47230977,0.412960137,0,0.670125272,2,0.00562878357
9,0.319672003,0.675431309,1,2.458751806,2,0.01
6,4.857258809,0.293536966,1,0.566132477,3,0.01
5,7.398022654,0.393245576,3,1.758211481,2,0.01
5,4.239072531,0.179487636,4,6.936113614,2,0.01
4,5.185041227,0.247643261,1,9.170584491,4,0.01
10,0.731916534,0.186412969,3,0.787049884,2,0.01
6,0.917835296,0.624656973,4,2.980979881,1,0.01
2,0.701580586,0.337603563,4,2.608252824,3,0.01
4,4.345319166,0.028792968,1,5.790953605,1,0.01
3,8.864754584,0.218521117,4,2.014743292,2,0.01
2,3.785199917,0.247622446,4,5.702744842,1,0.01
5,6.397685678,0.344513781,3,9.246031304,2,0.01
6,3.054132407,0.267690645,4,13.68943989,1,0.01
5,1.471402298,0.24133426,0,0.474316042,3,0.01
10,1.664131992,0.33244561,2,3.912895492,2,0.01
5,0.234927288,0.349158024,1,3.507485288,2,0.00884806882
5,0.0958878,0.343395616,2,6.925161644,2,0.01
4,3.567012232,0.335968368,1,7.86257709,1,0.01
4,1.73105062,0.095194403,1,3.316048891,3,0.01
3,2.410326673,0.40637359,2,9.927656398,2,0.01
6,2.447037847,0.247211303,1,2.967770557,2,0.01
4,0.974597967,0.356865827,3,1.57368289,2,0.01
2,1.938175451,0.265851233,4,5.735960729,0,0.01
9,1.908941048,0.325251855,2,1.157766066,2,0.01
5,1.475163942,0.393257032,0,5.517503514,3,0.01
9,5.155672845,0.090979334,1,5.696601767,2,0.01
5,1.799866841,0.188928425,4,6.916473761,4,0.01
5,2.776331415,0.164286315,4,2.973164095,2,0.01
1,6.776282297,0.051200119,1,6.479966111,2,0.01
5,6.034981364,0.319541662,1,0.38390755,4,0.01
8,6.633361543,0.083293612,1,4.716308439,1,0.01
6,0.944152768,0.57947604,4,3.824982869,2,0.01
2,0.106827093,0.620899664,4,7.575048449,1,0.01
5,0.907643263,0.112529264,1,13.61465526,2,0.01
5,0.98013097,0.295527094,2,10.78251722,3,0.01
4,7.202589801,0.336163272,1,0.817514166,2,0.01
6,3.142982524,0.334977718,2,3.530392639,2,0.01
5,0.255706369,0.330713766,0,2.121120393,2,0.01
6,0.436390653,0.60326461,1,1.428473711,2,0.00799695709
5,0.507657361,0.343151558,0,4.634242626,2,0.01
4,2.98617835,0.169097685,4,1.841314495,0,0.01
7,3.988767105,0.333913789,0,4.03998825,4,0.01
5,5.890717769,0.255854601,1,2.684361654,0,0.01
7,8.472229726,0.110411827,1,4.705387302,2,0.01
6,0.675829564,0.109807925,1,2.084484108,1,0.00985842256
4,1.11220201,0.252441044,3,6.742278267,0,0.01
8,0.824585337,0.409260398,3,2.853615687,1,0.01
4,1.333061765,0.263678431,1,1.813395949,3,0.01
3,7.383515553,0.53115808,4,3.248230484,1,0.01
5,2.567793026,0.451491628,1,5.111094379,1,0.01
10,4.020430428,0.302435962,1,2.032039463,4,0.01
6,2.020735131,0.45616602,2,3.418235,1,0.01
4,0.087847473,0.337951805,1,3.085623562,3,0.01
3,0.199046031,0.391168496,1,1.410347465,3,0.01
3,2.316071408,0.017976743,1,6.540207333,3,0.01
5,3.805950377,0.125009974,4,7.754137658,3,0.01
2,0.727478112,0.344800151,4,5.104160427,1,0.01
6,3.839426834,0.171431124,2,8.802778389,1,0.01
2,4.992724294,0.28272689,3,2.486164336,0,0.01
5,1.592561969,0.348430237,2,2.660900463,1,0.01
2,4.116218696,0.426873042,1,5.001045592,1,0.01
6,1.552694596,0.019799488,3,1.844890192,1,0.01
3,3.402879714,0.472950623,3,0.600382054,4,0.01
5,4.331732913,0.2978066,3,7.516459464,0,0.01
2,14.45754852,0.139911845,3,1.992582077,2,0.01
6,1.271177453,0.260668194,3,7.347503766,6,0.01
6,1.588195004,0.414656129,1,5.570132213,3,0.01
7,0.543199248,0.119070213,4,4.969958642,0,0.0098774666
6,0.684743638,0.450683956,1,6.24121016,2,0.01
6,3.54658504,0.518347759,4,2.394115272,2,0.01
4,7.468392303,0.252761828,1,7.38967523,2,0.01
4,1.505622185,0.126211565,1,9.965892335,3,0.01
7,0.594783773,0.176153067,3,7.295669483,0,0.01
5,1.006835718,0.325951288,1,1.464921589,5,0.01
5,1.82119308,0.275452224,4,4.260066703,5,0.01
8,1.030220057,0.345600879,2,1.130111228,0,0.00720768061
4,0.798071281,0.340203278,3,5.644779151,2,0.01
2,3.995242269,0.313481109,1,2.70520584,1,0.01
3,0.023627564,0.379432403,1,0.602693928,5,0.00702785434
4,2.324572261,0.180148532,1,2.478843579,5,0.01
6,4.736243237,0.598354833,3,3.603001744,3,0.01
9,0.928671947,0.259386976,3,1.935114155,4,0.01
3,2.773660655,0.496403221,2,7.460322506,1,0.01
5,3.31600546,0.366931593,0,2.159173792,0,0.01
3,3.192847345,0.193603777,3,1.868697966,3,0.01
2,1.770957632,0.321365075,0,0.531464657,4,0.01
4,1.276596275,0.300501816,1,6.371559823,1,0.01
9,5.422277967,0.263835058,1,3.890281483,2,0.01
4,4.261986151,0.572960721,1,6.933823217,3,0.01
5,1.162530089,0.187329145,1,4.04899829,0,0.01
8,0.326162447,0.424285495,2,8.666665972,1,0.01
8,0.223548544,0.410334999,2,5.410699554,1,0.01
5,0.297061892,0.27148165,2,4.971894324,1,0.01
3,2.623067471,0.079999061,3,3.530154628,3,0.01
9,0.159133457,0.383777966,0,0.44735529,4,0.01
2,1.232610002,0.219805855,4,2.05567889,2,0.01
8,4.197527337,0.099227301,1,1.699841191,1,0.01
7,1.045899951,0.334741924,1,3.471933997,4,0.01
6,4.322987662,0.098664056,1,2.438211664,5,0.01
9,4.104974806,0.333670862,1,6.782206626,2,0.01
3,0.846401011,0.408710051,2,6.241495328,1,0.01
6,3.914941534,0.214574757,2,2.86749538,2,0.01
7,4.132320684,0.521306515,1,3.89030056,1,0.01
7,1.519773434,0.228091474,3,1.962339229,1,0.01
5,0.708764199,0.640605795,3,5.442528618,0,0.01
5,2.209860601,0.184004528,1,5.020236739,2,0.01
1,7.630058679,0.465734538,1,10.43653859,2,0.01
7,3.061761545,0.342926716,4,3.354205346,1,0.01
4,0.56957062,0.16718495,2,8.308488578,2,0.01
7,3.444261,0.256940436,1,1.281164724,2,0.01
5,1.671671845,0.026442031,1,3.842829036,4,0.01
5,2.686001588,0.201002798,1,2.812136867,2,0.01
3,3.973499197,0.282543435,1,4.080773263,6,0.01
5,2.170493521,0.192655962,4,4.541662677,2,0.01
5,5.045767352,0.091769111,1,0.933465059,0,0.009106572010000001
4,3.842081879,0.297066887,1,6.793931683,1,0.01
3,2.864107369,0.189142524,1,6.787871828,3,0.01
3,0.490356268,0.29645337,4,3.089149796,0,0.01
5,5.4227358,0.286869761,1,3.217205729,0,0.01
10,8.24219416,0.631107278,1,4.532645125,2,0.01
2,0.441900528,0.705635399,2,6.579452445,1,0.01
5,2.009705162,0.471661893,2,4.451741074,2,0.01
3,0.898813558,0.475716253,1,6.165049455,3,0.01
4,4.213659825,0.431743485,1,1.75726484,2,0.01
6,3.836408422,0.478032567,4,8.524902479,0,0.01
3,0.455557889,0.618646353,0,2.425418992,2,0.01
4,6.287377997,0.092606715,1,5.05502632,2,0.01
4,0.59891492,0.256741366,1,3.550120926,1,0.00978562354
5,4.787478309,0.333312467,1,3.920297832,0,0.01
8,1.831829369,0.628110227,4,3.671376656,1,0.01
5,1.193706658,0.267842702,2,2.999590101,1,0.01
6,0.516778395,0.079727782,4,8.967515643,0,0.01
3,0.550377934,0.403704567,3,1.56167817,1,0.01
4,3.2531569,0.027417203,0,2.7670995,4,0.01
5,2.398393715,0.085261951,4,6.91278119,4,0.01
6,0.390617944,0.515838062,4,6.87437441,2,0.01
7,0.358709171,0.207304517,2,4.210922156,5,0.01
5,0.22517482,0.194480042,1,1.796633145,1,0.00954624504
2,4.085008344,0.38525511,2,4.202028417,3,0.01
6,3.733156369,0.210970935,2,1.841668395,3,0.01
4,0.18062291,0.400155152,3,1.377693794,3,0.01
2,2.464783646,0.375500462,1,3.836196361,1,0.01
4,0.265432043,0.283159102,3,0.796357859,0,0.00654653077
2,7.022287095,0.260663921,2,8.220105932,3,0.01
3,7.129257466,0.373090538,3,2.148944178,2,0.01
4,3.594300146,0.117814606,1,3.00687182,2,0.01
7,7.818739328,0.272193398,2,2.073955907,2,0.01
5,5.005224383,0.121313665,1,1.262660355,3,0.01
5,5.290190911,0.319155689,4,0.190798473,0,0.01
7,2.529872651,0.161968035,2,1.553836821,2,0.01
9,1.096105866,0.366318824,1,8.503792481,2,0.01
7,0.736931056,0.27422287,1,7.591828471,3,0.01
6,1.188921609,0.415024724,3,0.698398836,2,0.0085586269
6,2.970582341,0.089230768,1,8.213530972,3,0.01
9,0.56860607,0.61533604,0,4.082688253,0,0.01
2,0.897807783,0.312452847,2,1.203954509,2,0.01
3,1.8936786,0.142016526,1,5.414502455,3,0.01
9,0.796001392,0.205887482,3,3.181636304,3,0.01
3,2.664886369,0.582373813,1,2.30930065,1,0.01
8,7.698715674,0.559903238,4,2.46281022,2,0.01
5,4.136042641,0.452784925,1,5.27078863,1,0.01
4,3.293677171,0.093315764,0,5.743321678,2,0.01
9,2.622004071,0.114286917,3,1.787608823,2,0.01
2,2.007986758,0.137383337,4,4.642438917,1,0.01
5,0.619463566,0.332121828,1,4.319798431,0,0.01
10,6.75312347,0.208949638,1,0.068515468,1,0.01
5,0.857195933,0.201164375,3,5.988554334,3,0.01
4,0.287250126,0.3762792,3,1.823728578,2,0.01
7,4.15906524,0.308509914,1,3.187003317,3,0.01
3,0.57935482,0.046695097,1,4.19306206,0,0.009035370879999999
6,1.395148561,0.088796552,1,5.889094003,3,0.01
3,0.086077961,0.391854824,3,7.70817215,2,0.01
3,0.442257958,0.561637592,1,5.615400561,2,0.01
4,0.570590528,0.37903904,1,4.813500624,0,0.00657731118
1,0.167839028,0.516385478,1,3.869994369,0,0.00887873979
2,3.207075615,0.102481161,2,2.546246312,1,0.01
4,5.442158719,0.078697832,1,7.394133181,2,0.01
5,1.401935716,0.023435465,0,1.750777666,3,0.01
8,6.228177247,0.515381923,1,5.663944993,2,0.01
7,0.719902506,0.426977456,0,5.29198492,0,0.01
7,1.180863482,0.274349659,2,3.746355111,2,0.01
2,0.490159069,0.328271483,1,7.447491568,1,0.01
6,2.907170031,0.5692756,1,4.145950496,3,0.01
8,1.633507072,0.139676984,3,3.911168612,1,0.01
6,2.850189049,0.030190802,3,4.690626846,4,0.01
4,4.302358781,0.139937528,2,6.402000013,3,0.01
4,2.367012435,0.059808707,1,0.328570691,2,0.01
4,2.963604745,0.725325431,0,11.07541224,1,0.01
1,8.211679302,0.392727918,0,5.907398497,0,0.01
6,1.066017408,0.577319145,2,4.238077834,6,0.01
8,1.334944828,0.313740732,3,0.483464797,5,0.01
7,3.794390556,0.34575977,2,8.43242324,1,0.01
7,2.834884904,0.242038497,1,2.57983508,2,0.01
6,0.58999019,0.52526878,1,1.273983664,3,0.01
6,1.415523037,0.294517799,2,5.844368735,3,0.01
4,1.892422048,0.097843212,4,2.026631355,8,0.01
3,1.631027175,0.431631561,1,7.055173056,2,0.01
6,0.58904777,0.293930873,2,0.820836498,3,0.00950889965
3,7.748091344,0.2946134,4,3.369811794,2,0.01
10,4.310474514,0.401361429,1,4.242693299,1,0.01
5,1.969611726,0.646391883,1,3.681597153,2,0.01
6,3.418875045,0.69255316,4,1.917699797,1,0.01
6,6.827323359,0.619485238,1,3.641566684,0,0.01
4,0.439152252,0.354451103,1,0.546002894,2,0.01
6,0.864538791,0.4386649,1,4.215996772,4,0.01
5,2.347255127,0.198821806,1,2.609143553,1,0.01
3,4.813505913,0.388464049,4,5.142598676,1,0.01
2,0.110785301,0.273912399,3,4.330010178,1,0.01
3,12.40890476,0.091961241,2,0.929537038,6,0.01
2,1.820394384,0.410663132,2,2.89379656,1,0.009682403499999999
8,1.335259443,0.129297671,0,1.286938454,1,0.01
7,1.039004779,0.233362202,1,3.702190413,1,0.01
4,0.574777345,0.234760366,1,2.624259968,3,0.00916388898
3,4.70451234,0.515884885,0,5.568310756,3,0.01
3,9.331017197,0.240826907,0,3.859289093,5,0.01
6,1.601488358,0.46551132,1,2.630837546,2,0.01
5,9.136072128,0.117722932,1,3.754019898,1,0.01
1,5.208366097,0.165858706,2,2.187169435,2,0.01
8,1.967849737,0.528365459,1,4.5891749,5,0.01
9,3.362814615,0.174931589,3,3.864829791,5,0.01
4,1.71270464,0.150244853,1,0.332826847,3,0.00929452012
7,2.454250224,0.449508679,1,13.88265279,2,0.01
3,0.179397587,0.332728359,2,3.310659587,6,0.01
7,3.574783945,0.171888204,0,2.382783297,3,0.01
5,0.1628131,0.352745866,2,3.185406883,1,0.00922174675
6,5.096200274,0.292218055,1,5.185204653,3,0.01
8,5.227998272,0.344086868,0,2.964311074,1,0.01
2,0.811795641,0.155863284,2,2.782074586,3,0.00908468478
4,1.173190448,0.121921808,1,1.254665874,1,0.01
9,1.96934882,0.223826172,1,2.158186436,4,0.01
4,2.723947822,0.068012834,1,3.981381641,1,0.01
4,1.016310003,0.046692113,2,3.588964331,0,0.01
3,2.693042952,0.113980384,2,2.189102431,3,0.01
4,1.060555819,0.183856534,1,4.280078157,1,0.00962272681
4,0.171269304,0.108750227,1,2.169669397,0,0.0062999076300000005
6,0.007592248,0.12882989,1,4.284501677,3,0.01
7,0.319920862,0.407093656,2,1.110684347,1,0.00849981753
3,4.714269646,0.060121605,1,2.900586016,1,0.01
6,9.7659436,0.259721323,1,2.365593358,2,0.01
8,1.670431725,0.039872862,0,7.623073995,2,0.01
7,2.1565272,0.245981825,2,2.377260386,3,0.01
3,0.476453253,0.087288848,1,6.496031161,1,0.01
4,2.402406664,0.310411014,3,4.019969352,1,0.01
6,0.468750804,0.168936682,1,1.426578081,3,0.01
8,2.834181201,0.231050907,3,6.500456486,3,0.01
3,8.120792525,0.619717608,3,5.821393442,1,0.01
4,0.653343387,0.175148632,3,4.624260867,2,0.01
3,4.338944901,0.581071397,3,4.575273264,2,0.01
8,0.071349029,0.264998653,1,3.690304511,0,0.01
1,1.412398596,0.269398985,3,4.995924668,1,0.01
3,0.35212557,0.077148311,1,6.308064532,2,0.01
7,1.303795674,0.197304694,1,1.026282058,2,0.01
5,0.571800098,0.425523885,0,7.040877469,1,0.01
9,1.401885853,0.241474072,2,7.807379812,3,0.01
5,1.621395739,0.140817994,0,1.317407544,4,0.01
4,1.072559285,0.08610856,1,2.432555247,0,0.00817101927
5,3.206769752,0.450803575,2,4.338799247,3,0.01
7,7.534443788,0.425274145,1,6.033240573,2,0.01
3,1.53545522,0.61487293,3,3.515315029,2,0.00994498435
6,0.640854028,0.117149718,1,4.61220454,4,0.01
7,0.947103945,0.449655984,1,1.828706505,0,0.00877770703
4,5.772462893,0.078964049,1,4.117416666,3,0.01
4,2.543372008,0.202479709,3,8.363161393,1,0.01
4,1.820969182,0.304050772,1,3.866233219,1,0.01
3,0.486274903,0.429118481,4,5.506662868,2,0.01
4,1.792023962,0.085671293,1,2.018504085,2,0.01
2,0.979235452,0.612940349,1,1.730508748,1,0.01
7,8.602710019,0.270199753,1,10.56437726,0,0.01
6,6.464308986,0.118168019,0,4.372778695,3,0.01
7,0.262897574,0.34499304,1,5.856295955,5,0.01
5,2.181064407,0.515801486,1,7.317968459,0,0.01
4,0.764902611,0.209543499,4,1.053341715,1,0.01
5,1.586852133,0.2562896,1,9.166247466,0,0.01
4,6.2830077,0.107965699,3,3.915379514,1,0.01
7,2.249244787,0.271048047,1,10.21838447,3,0.01
5,1.220366772,0.220007806,2,1.434935301,0,0.01
6,0.69915879,0.223617045,1,6.577595892,1,0.01
5,4.83319059,0.172517371,2,2.340681628,3,0.01
2,2.938634358,0.047101883,4,3.11098325,1,0.00859004339
4,1.893704529,0.181852341,4,6.993846776,1,0.01
4,0.735724085,0.256015757,2,2.498128981,3,0.00855241692
6,1.220506824,0.161131777,0,3.682884111,1,0.01
11,9.644907403,0.132499496,1,3.707890059,2,0.01
6,2.202469688,0.16866646,1,2.551275907,3,0.01
8,1.535975317,0.245271535,3,2.390425833,3,0.01
5,2.210808481,0.215159845,3,0.745119243,2,0.01
3,4.528621708,0.355190535,1,2.947961126,4,0.01
5,1.247041539,0.129491249,3,4.342289833,1,0.01
1,0.590622843,0.057675739,1,2.927794642,0,0.01
8,2.637968517,0.208391632,3,4.557206982,3,0.01
6,3.282702591,0.466357663,4,15.48708465,2,0.01
4,3.741872933,0.207871567,2,6.807915677,4,0.01
7,6.410896491,0.497070744,1,3.637175185,1,0.01
1,1.391702646,0.607896644,3,5.90731732,1,0.01
7,0.23503586,0.070355622,3,5.936345778,2,0.01
3,9.535259713,0.305274388,1,0.473155938,1,0.01
9,1.712851976,0.714578607,2,8.886040074,3,0.01
4,2.928580123,0.448450628,0,3.662978097,2,0.01
2,3.292586536,0.462540745,1,4.377659838,4,0.01
4,2.372370716,0.172556496,1,0.408083359,1,0.01
6,0.689211461,0.176691403,1,4.635829517,1,0.01
2,4.221243351,0.312672509,2,4.047280223,3,0.01
1,4.885127948,0.421541215,0,1.904083902,3,0.01
7,2.415426205,0.273011869,3,2.690733089,0,0.01
7,2.011581815,0.467115344,1,2.126797139,2,0.01
6,0.36290568,0.554512443,3,2.368896137,3,0.01
8,0.263058433,0.059051194,3,3.785767838,2,0.01
7,1.244569009,0.515232083,2,5.291813218,0,0.01
5,1.116872239,0.492501,1,7.590219658,2,0.01
6,9.215019528,0.234195342,3,4.484768428,2,0.01
6,4.592195496,0.117580075,2,3.375498276,4,0.01
7,3.235761075,0.434453176,1,6.064113247,1,0.01
6,2.187243977,0.265270212,2,2.857985912,2,0.01
3,0.549488843,0.294651196,0,2.919372913,1,0.01
3,11.51306737,0.147058395,1,3.00868001,6,0.01
1,1.410206246,0.159827469,0,1.326299233,0,0.00782298482
5,0.339256169,0.28560576,1,4.696597367,2,0.01
3,2.042463748,0.399518844,3,3.899989317,3,0.01
9,6.214372774,0.17932622,1,2.661398959,1,0.01
8,6.548838057,0.508936338,1,2.056232296,3,0.01
4,0.033079455,0.400606067,2,3.087430395,1,0.00978950631
2,6.522463361,0.412827901,2,3.134729089,1,0.01
3,0.950237968,0.67494359,4,6.768647664,2,0.01
2,0.119256339,0.138482584,3,2.397866894,1,0.00688961702
4,5.647487727,0.414607726,2,1.905847307,3,0.01
4,5.982363412,0.581682769,0,9.596402788,2,0.01
5,2.720737633,0.197094186,2,3.066190482,2,0.01
8,2.563003983,0.22978676,1,3.557578956,0,0.01
6,5.031870114,0.439052017,1,7.62724937,2,0.01
3,4.629680457,0.393227011,1,4.892272825,4,0.01
5,6.624702668,0.098973552,3,3.697820895,2,0.01
6,2.413895549,0.323813737,1,8.494369459,2,0.01
3,10.29315418,0.045468841,1,2.584486542,2,0.01
8,16.67657801,0.457113917,1,4.645258794,3,0.01
8,0.371743443,0.179978638,2,2.527273902,4,0.01
5,5.682248995,0.424395433,1,7.652541275,4,0.01
4,2.078375278,0.129775424,1,3.899837754,1,0.00907258821
2,1.47094395,0.267223947,2,0.162224197,2,0.00920847556
6,2.848552352,0.10468919,4,2.320079986,6,0.01
5,0.172777883,0.129848532,1,7.274261675,6,0.01
6,2.11846091,0.121329561,2,0.62143938,2,0.01
7,6.14128482,0.148481362,1,2.429740119,4,0.01
3,0.720340881,0.454620027,0,0.597210957,2,0.00595445752
9,1.667416118,0.23346323,1,0.668727802,0,0.01
2,8.414388175,0.286623622,0,1.490851817,0,0.01
0,1.678807513,0.228474902,0,4.355336486,5,0.01
6,1.331219326,0.055464583,4,1.303676063,1,0.00923644091
4,1.742331765,0.380569005,1,11.52798876,2,0.01
6,2.198489264,0.531260839,2,4.847626989,0,0.01
4,2.998946459,0.178112534,1,3.646858763,1,0.01
5,4.838723792,0.060373568,4,1.063168625,2,0.01
2,1.804999549,0.165094418,4,0.742665651,0,0.00506747141
5,5.102701938,0.304235349,0,2.919532227,4,0.01
4,2.288911156,0.085170052,3,10.48324902,1,0.01
3,1.239647499,0.46809269,2,1.314910238,2,0.00791080888
5,3.218402324,0.159236284,2,0.963395622,1,0.01
3,3.794591341,0.065399361,1,6.725761862,2,0.01
3,2.449668623,0.073266407,2,6.588457264,2,0.01
4,0.174842339,0.303130607,3,4.141750496,3,0.01
8,0.558565422,0.225593421,0,2.194438192,1,0.01
5,1.007667648,0.197266927,2,4.98031512,2,0.01
4,0.996472222,0.397300726,4,0.957864633,0,0.01
4,3.357248363,0.345073138,4,3.685738843,1,0.01
4,0.055557259,0.324531679,2,0.589715782,0,0.007056912950000001
4,4.227851133,0.246449058,1,3.506291891,4,0.01
7,0.925052521,0.447420536,3,6.881434054,2,0.01
8,1.113286029,0.1402389,2,10.6893614,1,0.01
7,2.251755807,0.18231298,1,2.283395573,5,0.01
3,0.729754099,0.606814964,1,4.327456845,1,0.01
6,6.474709238,0.175748559,0,1.998757121,3,0.01
6,0.267702997,0.606744106,1,5.051853566,2,0.01
4,1.76302477,0.067290678,3,6.356847003,1,0.01
6,5.679827538,0.216059399,4,4.999269263,1,0.01
9,2.870118852,0.544501818,3,2.070945354,3,0.01
6,1.037330134,0.210745877,2,1.471940842,2,0.01
4,1.638116215,0.428389534,3,1.682743856,0,0.01
6,3.679620429,0.404587801,2,3.501575004,1,0.01
7,10.86486752,0.143225202,1,0.876334148,0,0.01
4,6.708671157,0.042960852,0,2.245409438,2,0.01
3,1.257624983,0.21968507,2,4.916652443,2,0.01
4,18.9563734,0.364267266,3,4.051324811,2,0.01
5,0.010532458,0.238233781,2,1.241465082,3,0.01
3,0.084055912,0.217926522,1,6.437025125,4,0.01
5,5.209096591,0.0399059,0,2.907952992,2,0.01
3,0.667416406,0.303579615,4,7.602310792,2,0.01
5,0.188082328,0.309265827,1,2.017986756,3,0.01
5,0.812074001,0.717651271,0,2.110078024,3,0.01
5,1.665901147,0.439637126,3,6.297714088,1,0.01
6,3.934298461,0.229546098,2,0.972428017,0,0.01
6,2.937176675,0.08890919,3,4.99103744,2,0.01
6,0.813935271,0.231333935,1,0.584795041,3,0.01
5,2.099128686,0.342005756,2,1.833863739,1,0.01
7,7.819763087,0.253387907,1,2.326844514,2,0.01
3,5.062324478,0.386018709,2,4.807228534,5,0.01
5,1.171093132,0.395937865,2,0.227176218,5,0.00902268799
7,12.09657137,0.355651532,4,5.320568409,3,0.01
2,3.699385188,0.200005657,3,2.18355994,4,0.01
8,0.193453506,0.363850728,1,8.151208132,3,0.01
4,0.107381201,0.457315909,4,1.911817525,4,0.01
2,0.553239845,0.270866911,2,1.891102758,4,0.01
5,3.904270368,0.045726325,3,0.831353816,7,0.01
5,0.609063094,0.079738208,1,3.592434486,1,0.01
4,2.14916617,0.405458405,4,9.977815436,2,0.01
6,0.293698985,0.21009253,0,2.678701799,3,0.01
8,7.610602271,0.673249728,4,3.676773623,0,0.01
4,1.264603355,0.084013315,0,0.624590105,3,0.00686504577
3,7.162209392,0.274822478,1,5.251746095,2,0.01
6,8.69449077,0.040707759,4,2.468613054,2,0.01
4,0.018442514,0.122493243,2,2.16964159,1,0.00635766499
2,1.871620094,0.391021776,1,1.559381049,0,0.01
3,0.07489532,0.48604336,3,1.876248348,2,0.00821474784
1,7.180575794,0.143488225,3,4.958674508,2,0.01
9,2.191971153,0.420501916,1,5.958808885,2,0.01
5,0.233703049,0.447290757,1,0.508047259,2,0.0082959073
3,0.350534386,0.123285922,1,1.082672114,2,0.00879241664
4,1.451134784,0.264553873,1,3.414649987,4,0.01
3,8.451964706,0.640308947,1,1.106803014,2,0.01
4,3.541834956,0.214737314,1,1.36244456,3,0.01
6,6.066210419,0.189744329,1,1.635208725,2,0.01
4,1.369280539,0.3047467,0,4.297486206,3,0.01
2,0.132525642,0.083217898,4,7.666113086,1,0.01
6,10.98585239,0.131467261,1,2.77066242,5,0.01
3,0.05196647,0.429830093,0,3.510940806,2,0.01
6,8.849504759,0.469400323,3,4.926439722,1,0.01
2,1.379814999,0.525014418,2,1.658031888,5,0.01
8,0.030424975,0.238696863,2,4.59964403,3,0.01
3,3.505404189,0.23290231,2,10.70124688,2,0.01
6,11.81822948,0.361720557,1,1.394191278,2,0.01
4,10.11134025,0.309246656,1,4.384028095,2,0.01
5,0.526408498,0.432939062,2,3.5299285,2,0.01
6,0.599921437,0.298685852,2,1.33220588,3,0.01
1,2.5009467,0.297354214,4,6.189268016,1,0.01
5,3.042577619,0.128606296,1,2.000294139,1,0.01
7,4.03451207,0.088984618,3,1.189835119,2,0.01
6,0.599198062,0.348789968,2,2.122893732,2,0.01
6,9.583068225,0.218959125,0,4.680731114,0,0.01
7,3.054465899,0.095085623,1,2.090078409,3,0.01
4,5.632872192,0.369939547,0,0.303633978,0,0.01
3,2.330014977,0.59447252,4,10.39256813,0,0.01
8,1.604724112,0.158088964,3,6.630967651,2,0.01
4,11.34073594,0.249430605,3,3.827702722,3,0.01
5,2.617692748,0.172679185,1,2.309530554,0,0.01
5,6.049368291,0.205385241,0,2.470715458,1,0.01
3,9.191544927,0.236180577,1,1.419464755,3,0.01
9,3.375065557,0.180280099,2,3.511426392,1,0.01
8,2.388455943,0.337747101,1,13.1017075,3,0.01
6,0.010551085,0.055157793,2,2.999242421,1,0.01
3,0.122527361,0.328100166,3,5.499781595,1,0.01
5,0.672624414,0.180182245,0,1.79433705,2,0.01
5,0.617415815,0.135115826,2,3.791222908,3,0.01
5,0.882142045,0.183999644,0,2.00950028,0,0.00918515776
3,1.091248174,0.549698113,2,3.373469032,1,0.01
7,1.339168325,0.332013727,1,7.946062333,3,0.01
3,1.636963972,0.419609466,1,4.165342444,1,0.01
0,0.312305053,0.12459563,3,7.74144437,5,0.01
6,0.129856116,0.135796635,1,7.932359789,1,0.01
6,3.362062532,0.452676352,2,2.590288205,1,0.01
4,2.312254951,0.353594686,1,9.217724025,5,0.01
5,1.761739125,0.17543121,2,4.379389438,2,0.01
9,3.018974081,0.053563872,3,4.150223524,1,0.01
5,5.275195876,0.299723516,2,1.977556563,2,0.01
4,1.674238678,0.250898313,1,6.827932458,1,0.01
3,3.074297153,0.205747343,1,4.617831932,1,0.01
6,9.209572124,0.213445624,1,1.881230254,3,0.01
2,5.490711938,0.522812175,1,4.962936051,3,0.01
6,1.665381884,0.326730382,2,1.184025979,3,0.01
6,3.104520502,0.182866969,3,1.126836188,1,0.01
6,0.584655771,0.205405196,1,3.276582855,2,0.01
5,2.466504122,0.637414976,2,2.420250184,3,0.01
3,11.94223739,0.436523696,2,2.56502266,2,0.01
4,2.191395434,0.304550668,1,7.679903233,0,0.01
4,7.878234342,0.341995915,2,3.753003661,1,0.01
5,1.569377489,0.546451649,1,2.415192106,1,0.008071798770000001
4,20.29051597,0.599826511,2,1.256012526,1,0.01
4,2.596935693,0.439566658,4,4.364215257,3,0.01
5,0.129564983,0.235495826,1,5.084662936,1,0.01
5,2.651142449,0.260372473,3,5.333400328,0,0.01
5,0.962983237,0.649049815,2,2.723776333,3,0.01
7,0.099061647,0.408519172,1,0.674956946,2,0.01
3,5.158650846,0.092141603,3,7.881332997,3,0.01
2,0.96777158,0.459311323,2,1.198254921,2,0.007983515279999999
4,4.776983692,0.251689063,2,2.754811376,2,0.01
4,1.019949025,0.400943368,3,5.406629208,2,0.01
6,0.648229572,0.114521688,4,4.687511271,5,0.01
3,10.94155166,0.322771454,0,1.705017876,0,0.01
5,1.346583712,0.266277713,3,11.77041037,2,0.01
5,2.759211578,0.319642542,4,2.701509939,2,0.01
5,2.82468326,0.174692955,1,3.851562972,2,0.01
5,2.466171682,0.239871776,2,4.027801339,2,0.01
3,7.384592777,0.247697358,1,4.754937769,0,0.01
10,3.36663538,0.315357438,1,4.844595689,3,0.01
5,1.551200198,0.396161573,2,2.250475284,1,0.00963958394
4,5.949785428,0.278134049,3,0.102496747,0,0.01
4,0.599243994,0.508117442,2,4.24509886,3,0.01
7,2.357345429,0.406161969,3,1.008315856,1,0.01
3,9.020402228,0.223846466,2,3.474143419,1,0.01
6,2.945670486,0.247897109,2,5.012865629,4,0.01
2,5.094290218,0.147544979,1,3.808265526,1,0.01
4,3.180143189,0.217055477,1,2.404854039,4,0.01
4,5.485971214,0.224550397,1,2.870268267,2,0.01
4,8.673461703,0.453154378,3,10.87521453,2,0.01
8,0.956163427,0.142945443,1,3.320565537,1,0.01
5,0.557763977,0.276850163,1,1.012378307,2,0.01
8,1.984891764,0.232690971,3,1.419355488,0,0.01
5,3.630600732,0.32184011,2,6.43571968,1,0.01
7,0.773171033,0.323819472,2,0.850059169,7,0.01
8,0.012329653,0.253749422,1,1.956763313,4,0.01
3,1.259917521,0.186107184,2,4.600349271,2,0.01
4,10.40772232,0.637170994,4,3.230278394,0,0.01
6,3.562010465,0.260869096,4,3.252520683,4,0.01
4,1.539111422,0.657824952,3,7.505771372,2,0.01
4,0.6417194,0.339417148,1,0.442690359,2,0.0072809745000000006
6,1.320587423,0.20149683,3,4.71029678,1,0.01
2,0.558408429,0.215797836,1,9.481496265,3,0.01
4,0.337174933,0.105208317,1,2.629227638,3,0.01
2,7.117168285,0.367161074,1,2.48602448,1,0.01
8,18.16045185,0.046768183,4,4.172996058,2,0.01
7,0.537790694,0.329165577,3,3.18845116,1,0.01
2,0.168195751,0.146456612,3,5.28639563,0,0.01
5,1.200228943,0.29849452,3,2.885891879,4,0.01
6,1.857790279,0.297902311,1,3.578461975,1,0.01
7,0.687565029,0.155292964,2,0.906900992,4,0.01
7,1.076137821,0.19845493,3,3.499397754,3,0.01
7,0.672697691,0.482317615,3,3.068580119,1,0.00673259701
6,4.465121708,0.504348112,4,9.330936061,3,0.01
5,3.740410687,0.279626004,1,5.779129043,1,0.01
5,3.023175302,0.388317071,4,4.013596729,0,0.01
8,1.469237403,0.582059611,2,4.597228195,2,0.01
7,7.192037335,0.269988203,3,3.252713018,0,0.01
4,10.4732883,0.11467969,2,3.10018259,3,0.01
5,0.5721718,0.51298022,0,5.281506723,2,0.01
8,0.756993595,0.122374954,1,1.872851029,2,0.01
5,2.237309514,0.131937928,3,2.138449864,2,0.01
2,0.28705763,0.39011813,2,0.650606255,4,0.00545714998
3,1.720489131,0.134576452,1,2.645881105,0,0.00811921478
7,2.615323814,0.067174133,1,3.220668961,0,0.01
3,2.214895419,0.220278768,4,4.28050596,2,0.01
8,1.205503743,0.110886639,1,1.030438066,3,0.01
1,2.345579834,0.424903516,1,3.436886404,3,0.01
5,9.568020554,0.342495518,0,5.221372647,1,0.01
3,0.692081213,0.560271624,3,1.481409148,1,0.0094993339
5,3.191166495,0.34862905,1,7.746799378,0,0.01
5,0.133099476,0.274059665,2,2.174493291,2,0.01
2,0.206174308,0.660417396,2,13.23233754,2,0.01
7,2.407736076,0.248938603,4,8.902093019,4,0.01
2,0.332590824,0.08077609,3,2.062910999,3,0.00854331291
4,0.067800784,0.401971046,4,6.455193015,0,0.01
5,0.564462391,0.241075599,1,6.719267261,2,0.01
4,2.496187724,0.290916967,3,2.559096259,2,0.01
4,3.645515384,0.148753123,1,4.180110233,1,0.01
5,0.678739698,0.183684199,1,2.238174383,5,0.01
4,3.310206159,0.244735387,3,1.339127131,0,0.01
4,0.604426272,0.098124012,1,7.968969534,0,0.01
5,2.851539798,0.197219986,2,2.979776998,3,0.01
7,1.592879285,0.267493859,4,4.330395962,2,0.01
6,3.182211657,0.412172583,1,7.607891075,3,0.01
6,15.92677174,0.10703913,1,6.85944309,3,0.01
8,8.333019208,0.185198739,3,2.44678762,1,0.01
5,0.012872852,0.123834445,0,1.890609247,4,0.007727292019999999
2,6.49993737,0.274438934,3,0.404793497,4,0.01
4,0.206413366,0.181982105,2,6.306514257,0,0.01
6,9.175798091,0.115333911,1,3.220545764,3,0.01
3,0.993128858,0.355234981,1,1.175106603,5,0.01
3,1.443969549,0.392437567,3,3.11010656,2,0.01
5,0.288337582,0.265405765,1,9.132775394,0,0.01
5,0.35727223,0.837278967,4,9.323700648,1,0.01
6,3.892000874,0.322082428,2,0.957236746,1,0.00933345432
2,8.665062115,0.121396678,2,1.853071683,3,0.01
6,2.830588805,0.379562401,4,9.508342455,1,0.01
4,3.774759198,0.265678649,4,2.30957814,0,0.01
3,4.30607247,0.28508782,3,2.369930585,2,0.01
4,0.91474625,0.488563882,0,0.641850389,2,0.0081232306
2,0.138853256,0.162970953,0,2.928984665,0,0.01
6,0.005623499,0.065051363,0,6.650157151,2,0.01
8,1.295346937,0.17143415,4,0.63538309,3,0.01
5,0.82909596,0.286896594,3,1.369057709,0,0.00912763812
6,0.19303234,0.132425454,3,7.420902775,1,0.01
5,0.593627553,0.390357058,1,5.22632968,2,0.01
5,0.398876607,0.361142007,1,2.136764719,1,0.01
6,7.391022687,0.139091445,1,15.11562814,0,0.01
4,0.453400954,0.262474245,1,5.131584712,1,0.01
4,2.31428933,0.669489073,2,9.482551429,1,0.01
5,2.697607378,0.420652684,1,3.317982821,2,0.01
5,2.352430456,0.233271993,0,1.98824141,1,0.01
4,0.312937975,0.334995213,4,2.709862453,5,0.01
4,1.151690776,0.176551289,1,0.879569273,3,0.01
7,0.157894144,0.198601688,1,6.142262985,1,0.01
5,1.510904191,0.802257273,4,2.608187884,2,0.01
4,0.626978433,0.068404014,4,3.942621233,3,0.01
3,2.474093266,0.349861956,0,2.251743353,2,0.01
9,3.540850805,0.326500254,0,3.866064636,3,0.01
6,2.278629382,0.307208102,0,0.565035293,3,0.01
6,1.70873844,0.301468501,2,4.281419173,3,0.01
4,1.469803223,0.540633083,1,1.387694051,2,0.00829870487
7,5.529633935,0.212494942,4,2.513552505,1,0.01
6,0.742954543,0.335191785,1,2.223829331,2,0.01
6,3.975240398,0.015749648,4,4.135313164,0,0.01
2,4.250042051,0.141649006,2,0.846277006,2,0.01
6,1.630046484,0.302186941,4,2.204824031,2,0.01
4,1.058478221,0.124643593,1,7.486810212,1,0.01
7,1.907701399,0.350442089,2,1.159194907,2,0.01
8,0.293546153,0.357799994,2,0.760446461,2,0.01
6,0.141054806,0.340355542,0,1.88778593,2,0.01
3,0.355010365,0.242236038,1,1.629048659,4,0.01
4,0.621607727,0.227468283,0,10.70188101,2,0.01
5,2.104607725,0.055135268,4,5.552082709,3,0.01
3,5.674142181,0.293834158,3,0.706960271,1,0.01
5,0.806158343,0.367243392,4,2.718768739,3,0.01
8,8.20759078,0.300506093,3,3.898192482,1,0.01
8,9.297145237,0.338642694,1,2.609908538,2,0.01
5,9.575577611,0.057250197,1,0.311181881,0,0.01
5,5.452390234,0.41965355,4,4.547310043,2,0.01
8,1.356844981,0.16102056,3,1.119087296,2,0.01
5,0.226382373,0.21739406,1,0.477716969,0,0.00964732246
4,2.523680104,0.50423086,3,0.561243423,2,0.01
3,2.453964945,0.321009301,2,2.418289637,0,0.009136635950000001
7,5.690875336,0.608011778,1,3.52496899,2,0.01
4,16.55767846,0.20701756,2,0.542662289,5,0.01
4,2.128789027,0.295688418,1,2.387569745,1,0.01
5,1.270294769,0.316809094,1,1.477053291,2,0.00810643694
3,0.617022518,0.22200468,2,5.813268149,3,0.01
5,0.014434143,0.100999896,2,1.951613603,2,0.00809897714
4,2.134628193,0.161462748,1,6.107592918,1,0.01
6,2.432541659,0.068501334,2,4.301921279,1,0.01
5,5.227853469,0.178419988,1,1.308718174,1,0.01
5,2.107029813,0.179698878,1,2.897928437,0,0.01
2,7.447588983,0.36170222,1,2.342613179,3,0.01
5,2.967257548,0.661555873,1,6.364394922,0,0.01
3,5.504055492,0.335286894,1,4.676892312,1,0.01
3,0.481568891,0.111833377,4,3.258887872,0,0.01
5,5.800027103,0.510026391,2,2.93399408,2,0.01
4,3.373118471,0.311839631,1,2.66244256,2,0.01
3,0.559831139,0.047635299,1,2.504670041,1,0.01
4,0.631287511,0.835646341,1,4.169422852,2,0.01
2,7.831434886,0.328178248,4,14.31739623,1,0.01
6,0.098237089,0.35085397,1,4.005218876,4,0.01
7,1.862674596,0.119451854,1,3.304762886,1,0.01
3,1.12833918,0.312139405,2,4.348363048,1,0.01
5,3.281567814,0.402376644,2,0.48407649,3,0.01
4,5.490803444,0.374759785,1,2.553475185,3,0.01
6,1.340634276,0.156211989,3,6.853153621,4,0.01
6,1.670096099,0.262044123,1,1.866165169,2,0.01
2,12.03847918,0.391937345,1,5.929602842,1,0.01
2,4.59627125,0.269100705,3,3.225950979,2,0.01
5,6.825030333,0.312257702,3,3.289001604,4,0.01
2,1.732831842,0.064204525,3,1.163764784,0,0.007768962190000001
7,0.800017792,0.103470026,1,3.494912156,1,0.01
4,1.592388469,0.268906319,2,2.968230717,1,0.01
5,3.777314243,0.092792446,1,1.946997505,2,0.00939656775
7,0.347682079,0.45825385,3,8.755762238,2,0.01
5,0.946060686,0.16629287,2,10.12761527,4,0.01
7,0.143275176,0.197911238,1,1.479002586,2,0.01
1,1.698738789,0.284713986,3,1.870749495,1,0.01
3,5.271130554,0.206891944,3,7.049401948,1,0.01
4,0.074918797,0.168900055,1,1.917938762,2,0.00691845923
9,3.374778179,0.466055489,4,4.124200192,1,0.01
4,8.086699694,0.346316452,4,2.403570357,5,0.01
5,0.811208119,0.571460517,1,2.855294839,2,0.00917607751
6,3.548932673,0.747843314,0,1.899478667,2,0.01
6,11.07889148,0.324060701,2,5.148339257,1,0.01
3,9.832540185,0.423648758,3,12.91064307,3,0.01
3,0.803360674,0.239530066,4,3.268841044,1,0.01
5,0.317185261,0.377297019,2,4.051340115,2,0.00858743633
7,0.481501273,0.443087152,1,3.550982153,0,0.00754410753
6,3.632344478,0.154717118,0,0.54818312,0,0.01
6,3.881242629,0.147564156,1,2.216215706,4,0.01
4,3.364751431,0.082389091,1,1.435476746,0,0.01
7,1.228773571,0.295047782,1,5.228405558,0,0.01
4,0.558182601,0.183374857,4,1.772575521,1,0.01
8,2.607943006,0.420645197,0,6.731328389,2,0.01
5,1.983088242,0.683515867,1,1.241532296,3,0.006147526089999999
5,3.915073926,0.273651291,4,5.786985519,1,0.01
4,1.746750484,0.058656546,1,1.209192087,2,0.01
5,1.240369489,0.452184212,0,3.969853287,4,0.01
2,1.042205265,0.244598051,2,1.690752647,2,0.00817898198
3,0.712755697,0.197055793,1,1.792477551,1,0.01
7,0.926702321,0.176214393,1,11.73366226,1,0.01
5,0.298898977,0.070533628,1,1.509452968,1,0.01
6,1.277877603,0.450930794,1,3.288657566,2,0.01
7,0.111765752,0.558490025,4,6.284192002,2,0.01
2,0.618910362,0.344392302,1,0.612689575,1,0.00910942166
7,4.120376604,0.359097568,0,4.481664644,0,0.01
5,1.181212883,0.067709288,3,10.04452973,2,0.01
5,3.310003415,0.095129281,3,1.326423896,2,0.01
7,3.785697575,0.378185433,1,2.534594122,2,0.01
6,2.610980407,0.099563689,4,2.214089108,2,0.01
5,9.560514276,0.43236043,3,6.540693358,2,0.01
0,0.065019118,0.505158035,4,2.817861373,1,0.00924239965
7,4.025714747,0.490202043,0,6.301324712,1,0.01
5,9.566978697,0.23078334,1,9.312487542,3,0.01
5,5.947417765,0.472242245,1,9.936690386,1,0.01
6,0.551381611,0.515677686,4,10.57907056,2,0.01
8,1.187228943,0.230143492,4,1.766376396,2,0.01
4,0.567863922,0.095398127,2,8.782301276,2,0.01
6,2.758701008,0.47213032,1,5.35717259,5,0.01
4,3.736343181,0.186563321,3,4.904714282,0,0.01
1,1.144105299,0.227060424,1,3.729052233,2,0.01
3,2.326370097,0.43698338,1,3.631839261,4,0.01
4,3.522470941,0.486673998,2,3.026816281,1,0.01
5,1.641119629,0.158334669,1,2.733947022,2,0.01
4,5.772765108,0.448395947,2,2.824302909,1,0.01
5,4.429312883,0.402563596,0,1.234200065,1,0.01
2,0.20055332,0.278151383,4,7.022030425,1,0.01
2,2.911649199,0.195602574,0,0.963559676,0,0.01
5,0.804915278,0.238171971,4,10.92763109,0,0.01
5,2.446068274,0.348012979,1,0.76784038,2,0.01
5,9.431892496,0.17655112,4,1.934807412,0,0.01
6,6.337431897,0.430379853,0,4.515793753,2,0.01
4,1.555144307,0.57833758,0,2.93472721,1,0.01
9,1.03387434,0.085898303,3,4.813367891,0,0.01
7,0.801308826,0.136124741,1,2.303741676,6,0.01
2,2.281163213,0.204975956,1,2.346601285,0,0.01
3,0.363956367,0.138219809,1,2.433803069,2,0.01
4,2.390693699,0.332192092,0,4.588821762,2,0.01
6,0.004003589,0.343951072,2,3.686212337,2,0.00996212267
7,1.174019364,0.240964295,4,3.880186137,1,0.01
4,0.745131449,0.181135335,2,15.10229463,2,0.01
5,10.6440976,0.227152274,3,0.522096592,1,0.01
5,3.897514486,0.153853622,1,2.439181853,2,0.0076093620100000006
3,1.290749392,0.67739512,1,1.113399547,2,0.00995001474
3,0.292326137,0.241810402,2,3.659212315,3,0.01
7,2.181977589,0.316591502,3,5.524352505,1,0.01
3,0.720288876,0.58390051,1,1.711738111,2,0.0078694414
8,2.306390703,0.112443484,4,0.360481586,1,0.01
8,5.412024918,0.167925577,1,5.39305339,2,0.01
5,2.86971793,0.100725548,4,1.330639294,3,0.01
5,3.013632072,0.451785329,1,1.765709674,3,0.01
3,2.336313181,0.324227987,3,1.681716632,0,0.00956887611
3,7.862823833,0.055544611,1,2.182729277,5,0.01
6,8.060452456,0.395741965,4,2.72536132,4,0.01
5,2.156768825,0.148014161,2,2.985395295,0,0.00837490254
4,1.094810455,0.44894299,3,1.497354759,2,0.009900040300000001
6,1.846264883,0.343812559,0,1.898146624,3,0.01
3,0.619441631,0.28964225,1,0.562234198,1,0.00655658909
12,3.034643341,0.421692837,1,4.644506566,5,0.01
1,2.079995608,0.24909422,4,4.534433228,3,0.01
6,0.327103362,0.043808841,3,1.230934324,1,0.00940200379
1,0.660622776,0.365672082,1,6.359250967,1,0.01
6,1.959656824,0.040705753,2,2.274324332,2,0.01
1,6.556780197,0.503357737,1,1.70333842,4,0.01
4,2.506834285,0.167771109,1,0.859242995,2,0.01
3,3.432728102,0.296787514,2,1.019603097,1,0.008197561249999999
3,1.242133895,0.416302695,4,1.671462391,2,0.01
5,2.541773335,0.225150048,2,7.29962766,3,0.01
5,1.779253061,0.012382384,2,1.668511626,1,0.01
5,3.228761549,0.208967482,4,4.847360579,2,0.01
9,0.155698011,0.133286961,1,3.815694545,5,0.01
3,2.03950978,0.287699397,3,6.428263833,0,0.01
3,1.052899342,0.2262997,4,0.203324897,2,0.00896291195
6,1.184399332,0.194686587,1,1.151136562,0,0.01
6,9.726236194,0.234235823,1,4.680635891,0,0.01
3,0.605228123,0.35809214,0,6.360849381,0,0.01
7,1.118610077,0.282092575,0,7.1254918,2,0.01
4,2.139392036,0.191027522,1,2.424129648,1,0.00912393477
1,5.963913223,0.554017501,1,1.722790675,3,0.01
7,1.617007073,0.12090911,1,8.531933773,2,0.01
7,4.086155179,0.739011976,1,2.858066016,2,0.01
2,5.821629792,0.20682367,2,0.882820176,2,0.01
5,1.113262157,0.561995917,3,3.560070817,5,0.01
6,1.49644504,0.293022963,4,2.447807476,4,0.01
9,1.322761882,0.065585197,1,1.678432497,4,0.01
3,5.366695253,0.452605812,4,2.888433112,1,0.01
4,0.136080774,0.205132421,1,2.46213375,0,0.01
10,1.106334055,0.661316684,1,0.84672808,2,0.01
4,3.412763195,0.552452183,2,3.388930482,7,0.01
4,2.500287922,0.303763975,1,1.381290583,1,0.00992346003
4,1.719642623,0.093807305,1,2.712644298,1,0.01
7,2.329248739,0.271110181,4,9.283642653,2,0.01
8,0.660386497,0.100182511,1,7.425619511,1,0.01
6,1.69013082,0.286297489,3,9.479162631,1,0.01
6,2.089676887,0.642082021,1,6.617410058,0,0.01
3,6.943642736,0.126757439,1,1.724489138,1,0.01
5,0.906702986,0.169856564,2,14.68715848,0,0.01
6,6.070964921,0.526018052,4,1.124477642,2,0.01
2,3.100508611,0.254250988,2,6.413697236,6,0.01
8,0.061651664,0.256233422,3,1.023664456,1,0.01
5,3.868933458,0.237995449,0,1.599033104,7,0.01
4,0.108597705,0.162324766,4,5.620035222,1,0.01
4,17.83503341,0.29845907,1,3.479428989,2,0.01
2,6.182134649,0.179201513,3,1.4273275,1,0.01
5,1.058662437,0.078620093,2,3.268851623,4,0.01
5,0.89283858,0.347935133,3,3.433190142,3,0.01
4,1.441088497,0.325544988,2,3.277969559,2,0.00895230008
2,1.320947548,0.284498351,1,8.601250181,1,0.01
4,1.397259554,0.255696861,2,1.247634917,3,0.01
4,1.149393589,0.26633943,2,2.364237871,3,0.01
1,2.911713398,0.47422933,2,0.46076842,2,0.008504982639999999
8,0.538326309,0.065283961,4,3.304261866,2,0.01
4,5.612043619,0.071460783,4,5.586321743,3,0.01
10,5.020369451,0.662333806,2,6.476396367,4,0.01
6,1.941558518,0.70560553,2,0.871285264,3,0.01
3,5.746462219,0.302565311,2,3.868053564,3,0.01
6,0.851648177,0.488509179,2,7.265225481,4,0.01
4,0.053164677,0.198376404,0,1.703300332,3,0.00862757235
3,2.896505363,0.53073831,3,17.41481753,2,0.01
2,1.836966437,0.107628586,1,4.487307678,2,0.01
3,2.512192913,0.287686834,2,0.230616508,3,0.00961083374
5,6.88800272,0.196820178,3,2.647581601,2,0.01
3,10.51224027,0.019408604,3,2.334552369,1,0.01
4,3.019082398,0.083965183,2,2.887172901,2,0.01
3,4.332477156,0.210760772,1,8.417025191,1,0.01
6,0.262589407,0.216722463,1,4.588564581,0,0.01
5,0.525616911,0.284511569,1,0.990634421,1,0.0065921454
5,3.963821924,0.515046668,2,3.882473911,1,0.01
4,1.693551989,0.150828728,1,6.184212508,2,0.01
4,1.771583716,0.205809885,4,0.354857911,5,0.01
6,1.107143585,0.364501,1,1.576512258,1,0.01
4,2.80455872,0.224970288,0,5.196217822,2,0.01
6,0.614309088,0.313867079,1,10.37711062,1,0.01
4,2.957857297,0.240289611,1,0.943752359,4,0.01
5,0.572751062,0.542647926,2,5.640220447,0,0.01
5,0.197861878,0.407785534,1,8.484251039,1,0.01
4,1.203034719,0.403054122,0,1.953559679,3,0.00675779865
5,0.788540476,0.0765522,1,6.023603798,1,0.01
3,6.594449257,0.154472875,2,2.360066544,1,0.01
4,0.169563293,0.510604218,0,3.041126565,2,0.00997793345
6,0.582989397,0.313530938,1,4.166487036,0,0.00945633017
6,2.386999247,0.317715594,1,7.805932837,1,0.01
1,1.967942599,0.109644853,1,12.5211179,3,0.01
3,0.140809508,0.061838793,2,2.197346548,3,0.01
4,0.021836564,0.687086538,1,1.319019981,3,0.01
6,13.28557964,0.23621677,2,7.591993093,1,0.01
4,3.226164508,0.575649977,4,5.676443681,3,0.01
3,1.364310183,0.572912564,4,4.511488883,0,0.01
14,1.9070825,0.300452014,1,6.34324152,3,0.01
5,0.929988043,0.092456806,1,2.39413986,3,0.01
4,1.268782096,0.185461329,1,4.548935075,1,0.01
5,3.141287253,0.474387354,2,8.903024233,1,0.01
5,6.43192224,0.187959423,1,1.972573348,4,0.01
7,0.610500836,0.637124888,4,6.041680912,0,0.01
7,5.504530286,0.078320951,3,2.643504565,4,0.01
7,0.388811505,0.554206066,1,7.376043056,1,0.01
2,0.726184965,0.233226503,3,8.37182295,3,0.01
5,0.11365172,0.333436967,1,3.110884521,1,0.01
3,0.455302084,0.392705613,1,4.068826379,2,0.01
7,7.477721137,0.315183817,1,1.698235175,1,0.01
2,1.845441963,0.105165437,1,4.845056915,1,0.01
6,0.242543146,0.439527001,3,0.910425726,2,0.00760157061
4,9.636209965,0.456203154,2,4.795266089,2,0.01
8,6.335703489,0.331154671,1,5.392066413,1,0.01
5,4.215606222,0.073245467,0,3.901586833,1,0.01
1,8.130432814,0.298140231,2,1.83114939,4,0.01
2,0.745881892,0.197487282,1,8.257151214,1,0.01
3,5.430429531,0.090703417,1,1.816772724,2,0.00963940357
6,3.513463749,0.166657042,2,9.279143822,2,0.01
8,6.115111844,0.576607595,0,3.828395053,0,0.01
4,4.782341274,0.296214643,2,12.64307642,2,0.01
3,1.276215575,0.378774407,0,6.601897042,0,0.01
6,4.466955824,0.358134402,2,1.901822358,1,0.01
6,0.913289827,0.233800644,2,5.391418659,2,0.01
8,1.195135566,0.157955825,2,6.203610172,3,0.01
6,0.342550361,0.212236123,3,4.123049748,0,0.01
6,8.203642235,0.383579822,1,3.380418387,1,0.01
5,1.031713489,0.628048223,4,8.583998403,2,0.01
4,2.205800457,0.085349987,1,1.671545723,0,0.01
5,1.489451071,0.167142834,2,3.741516407,3,0.01
5,9.651241356,0.327990914,2,24.7961822,1,0.01
6,1.224126547,0.281032714,3,3.82613946,3,0.01
11,4.522618739,0.489624797,1,3.740790719,4,0.01
8,5.801687085,0.304964958,2,0.989215744,3,0.01
7,1.716010714,0.407334807,2,8.276178829,1,0.01
7,1.42527436,0.495834097,3,7.546159835,3,0.01
4,4.131954158,0.353892833,4,2.666887145,1,0.01
8,7.321956738,0.44603088,3,8.515249985,1,0.01
6,4.2186554,0.593749612,1,2.443195743,1,0.01
2,0.772919154,0.203673765,0,2.632906764,3,0.01
4,6.576023804,0.394003186,4,3.789932687,0,0.01
0,1.47101904,0.058217436,1,1.838453747,2,0.01
6,2.575689107,0.165364852,1,2.132960383,0,0.01
0,5.341312562,0.430782512,1,5.685453475,3,0.01
7,0.626223671,0.509689946,2,0.975297423,5,0.01
9,4.604524212,0.107551314,4,3.819828916,2,0.01
7,2.720230342,0.30961451,4,5.511827993,1,0.01
2,6.714373401,0.729432689,4,5.038768766,3,0.01
4,0.566119136,0.422442405,1,8.249008601,2,0.01
8,1.637712416,0.05931114,2,1.114892629,2,0.00935172481
5,5.366467032,0.419771962,1,0.574362692,2,0.01
5,0.058257115,0.11457234,1,2.067367461,3,0.01
6,0.357030978,0.263117737,3,10.58489758,4,0.01
2,13.99005495,0.178023466,1,3.009681921,1,0.01
4,0.987155061,0.11712757,3,5.749865464,1,0.01
7,11.13254018,0.171871943,3,5.516488537,3,0.01
3,0.604628914,0.228181676,4,1.998191439,0,0.0077785836100000005
6,1.343995901,0.328283177,1,1.127800902,3,0.01
2,4.193515552,0.308205055,4,2.312700308,1,0.01
8,3.216890459,0.421735241,0,4.711439829,0,0.01
10,2.610529577,0.387209291,4,3.636124875,1,0.01
5,2.264424263,0.341981091,4,3.948249045,0,0.01
4,5.562956369,0.050795161,3,1.781472509,0,0.01
4,0.803436628,0.296372963,2,3.745868755,2,0.01
8,1.752721884,0.138000867,3,0.925199005,2,0.01
9,0.506862156,0.284459472,3,2.320585051,1,0.01
7,2.718587539,0.098759935,3,1.135458161,0,0.01
7,0.865224705,0.398810167,4,3.831147165,4,0.01
3,1.218685488,0.536318331,2,3.011421331,1,0.00946651116
8,1.911722712,0.08969881,1,2.064079759,3,0.01
7,0.081406333,0.315714796,2,1.619162945,1,0.00942522352
2,0.289327651,0.415143153,1,2.649349859,0,0.00823195749
5,3.47441072,0.345160211,1,2.164916915,0,0.01
7,1.680940493,0.089244364,1,4.398626959,1,0.01
6,6.002783387,0.200732457,1,7.055221624,2,0.01
1,3.559106047,0.202370147,4,5.243938107,1,0.01
3,0.024401798,0.434712768,2,5.66385038,2,0.01
4,2.876908431,0.296329493,1,0.203729253,2,0.01
4,0.295237018,0.391937656,2,3.402917367,2,0.00766227525
3,4.555135442,0.362638257,1,3.936472859,1,0.01
7,14.30578208,0.288497963,2,6.297763152,3,0.01
9,2.272729406,0.226629402,2,6.732804566,1,0.01
4,3.444474492,0.158598049,0,8.139851755,2,0.01
3,0.81272723,0.08108591,1,2.202719565,0,0.00945315178
4,1.72661378,0.072548107,3,2.424077722,5,0.01
4,5.815812684,0.280954631,4,0.157287943,3,0.01
6,0.549688518,0.477524793,0,1.270127901,6,0.00838966442
3,0.925841282,0.305929359,1,4.468892583,1,0.007859149
10,1.768706603,0.364908304,2,3.994320046,1,0.01
5,3.736978141,0.291792911,1,4.329234917,1,0.01
5,1.414256874,0.041097643,2,4.279442541,0,0.01
3,7.882133159,0.285819513,1,0.86878754,4,0.01
2,0.297661715,0.315374744,4,6.906662705,0,0.01
7,1.389938337,0.516488852,1,2.98503291,2,0.01
5,3.702823118,0.592123307,2,3.927504029,4,0.01
4,0.768498921,0.258757251,2,5.682137908,3,0.01
6,3.204945945,0.470225106,0,11.05834852,2,0.01
5,0.538158657,0.448272776,3,5.494677287,1,0.01
4,0.172824685,0.153044437,1,1.770549998,2,0.01
7,0.386964785,0.09941665,1,12.72992129,2,0.01
4,7.97712803,0.24204077,1,3.457771656,1,0.01
2,2.407218409,0.19503432,4,3.571840575,2,0.01
3,4.773995103,0.341934693,3,8.314310019,2,0.01
8,1.213342133,0.414676387,3,1.140004325,0,0.0069327971300000004
5,2.694311226,0.219927433,1,4.927557727,0,0.01
6,2.049306208,0.335755098,4,6.05373795,5,0.01
2,8.741791094,0.17552083,3,3.184078262,1,0.01
3,4.129918987,0.133738165,0,6.014629283,7,0.01
3,3.934035266,0.082564576,2,10.77966016,1,0.01
7,0.142385939,0.044718463,1,0.69727495,4,0.00669878687
5,2.39332169,0.080857735,1,1.719167876,2,0.01
2,1.887653463,0.229071183,1,0.33147152,0,0.00732959849
2,7.886702444,0.179648608,3,1.08944666,4,0.01
7,0.892558861,0.18709468,3,2.791562342,2,0.01
8,0.943447874,0.621586333,1,2.408899168,2,0.01
4,1.589751381,0.544430296,1,2.161889796,1,0.01
4,0.836641613,0.364709011,1,8.252444718,0,0.01
4,0.414973444,0.262971494,0,8.433840559,1,0.01
3,5.843447671,0.207953686,1,9.743993191,3,0.01
4,2.451213641,0.468799929,1,3.805517302,2,0.01
6,5.927682736,0.469575867,1,15.0461243,4,0.01
5,5.335962932,0.28132351,2,5.039042027,0,0.01
5,0.994034105,0.172480511,3,4.600367402,0,0.01
3,2.380477177,0.281209137,4,4.874991223,3,0.01
6,0.260655727,0.191368706,1,5.032255223,1,0.01
4,7.40421529,0.082472633,3,2.550217305,4,0.01
2,1.553866519,0.424134886,1,5.604855302,3,0.01
5,1.501023257,0.289119638,0,7.953131731,3,0.01
7,1.081856865,0.084349897,1,0.569367516,1,0.00894181049
8,1.852248157,0.386914114,1,4.402427888,5,0.01
0,0.870092031,0.062331228,2,0.266101672,1,0.00402910416
5,1.409301881,0.119154524,1,7.0022487,1,0.01
4,4.827519571,0.433882745,1,4.181728826,2,0.01
6,5.391923564,0.257315918,3,3.584583768,0,0.01
4,1.088003501,0.355435507,3,0.17734808,1,0.01
7,1.899061303,0.368007405,2,2.258701883,1,0.01
2,6.210132141,0.569476508,3,2.506647161,0,0.01
3,0.162333884,0.350412457,2,6.86442543,5,0.01
3,6.598595685,0.036968649,3,2.814776115,4,0.01
5,0.742248585,0.395415935,2,3.058708856,0,0.00902094846
6,3.404639426,0.318129385,3,6.552232335,1,0.01
9,2.620783698,0.394622777,1,12.92470262,2,0.01
6,2.415192416,0.083264623,1,3.322032,3,0.01
7,5.884660329,0.178174963,2,9.217138901,3,0.01
2,0.321326608,0.382190065,2,10.73565577,4,0.01
2,1.278663205,0.19654379,4,0.974148673,4,0.01
8,2.318212823,0.676321085,1,1.777829969,2,0.01
8,5.002613282,0.396964661,1,17.13063475,1,0.01
8,0.731734727,0.126302817,1,6.717051229,5,0.01
7,4.872586435,0.198367213,1,1.328071504,1,0.01
6,1.530669828,0.27567898,3,9.695354593,6,0.01
2,0.628143035,0.263536245,2,11.61178949,3,0.01
7,4.26870625,0.209419825,3,3.930401886,1,0.01
6,0.285896914,0.379035351,2,6.115842678,1,0.01
5,2.169380586,0.447259909,4,4.769211238,2,0.01
6,0.198021305,0.34867161,0,8.85497598,4,0.01
4,1.322116821,0.324633203,3,1.697770403,1,0.01
4,2.756959078,0.214002952,4,2.364549323,1,0.01
4,2.436572937,0.076194183,2,6.836354455,4,0.01
5,1.555844734,0.091465335,0,6.91972968,0,0.01
4,1.681350376,0.268358507,4,6.823329884,1,0.01
7,0.771534465,0.470948341,0,5.316101097,3,0.01
2,1.825770676,0.477664692,3,7.92109147,2,0.01
4,9.189134683,0.265112199,4,9.829091758,0,0.01
1,5.700432014,0.169469643,2,8.98928422,1,0.01
6,0.470778626,0.600134337,1,2.621451885,2,0.009819265740000001
1,0.090699722,0.275731641,1,3.194726141,1,0.01
6,8.132757009,0.140037295,4,4.378638826,0,0.01
6,2.244392881,0.436048102,1,1.847799423,1,0.01
0,2.315518252,0.190470879,2,2.704308273,3,0.00715772745
6,4.55219006,0.31344101,1,3.934210935,0,0.01
1,1.133647473,0.066358791,1,2.759507083,3,0.01
4,1.972804842,0.186114045,4,1.981211251,3,0.00921435233
6,10.388859,0.461776793,4,3.090968698,2,0.01
7,3.345585262,0.141839992,2,11.50898232,1,0.01
6,0.500803752,0.091984446,1,12.14598649,4,0.01
3,0.428933604,0.398986412,2,1.688699104,1,0.00755371172
7,0.685466278,0.513167348,2,0.816829906,3,0.01
6,4.366440425,0.250562913,1,3.783863044,1,0.01
5,1.050277129,0.143561306,1,1.182876005,3,0.01
7,0.064862709,0.345459632,2,1.691294289,2,0.01
4,8.656566239,0.12680539,1,5.282715298,2,0.01
7,0.557953069,0.16875597,3,2.433544863,3,0.01
1,0.028812476,0.528245278,1,9.620062225,0,0.01
2,0.812009228,0.4350887,2,2.153414551,2,0.00920645723
2,0.803751228,0.468025828,1,4.910747191,3,0.01
6,1.644571485,0.242261699,0,12.07878624,2,0.01
8,7.591840348,0.512542746,2,2.423552109,4,0.01
6,6.340482445,0.114126493,1,0.968704089,5,0.01
0,1.831355365,0.256594314,2,1.518302521,3,0.01
10,1.587477508,0.23690935,4,10.88130389,0,0.01
2,2.429104248,0.048278632,4,2.000575885,0,0.01
5,0.836975871,0.293049923,3,1.19743528,1,0.01
8,0.160787805,0.143379613,1,6.731143526,3,0.01
5,8.401687636,0.457488757,3,1.155500015,1,0.01
4,0.619961957,0.343003358,4,4.065204143,1,0.01
3,0.663439375,0.493953108,2,0.991446811,3,0.00751203136
7,1.918593631,0.505088919,4,2.855861308,3,0.01
7,2.029538966,0.411670232,1,8.286452267,0,0.01
3,0.055818711,0.14278639,1,2.311164956,2,0.00915557152
3,0.48034689,0.295317562,4,1.025654025,2,0.01
2,1.425192365,0.176519417,3,3.598284795,3,0.01
2,3.453483578,0.152778675,1,5.483059836,1,0.01
7,0.777938755,0.107835501,1,3.228410232,1,0.01
4,1.649814149,0.258657224,4,12.39653766,1,0.01
1,2.444894219,0.163281248,1,1.598479395,1,0.009728771800000001
3,6.583681742,0.345919843,1,2.579765549,4,0.01
10,1.183889329,0.409890632,1,3.05677529,2,0.01
3,0.430081245,0.055892473,0,4.489632363,2,0.01
6,2.015755687,0.239649146,0,1.532582715,4,0.01
4,4.11979802,0.086004831,2,2.382671424,2,0.01
5,0.349128757,0.486140948,2,2.266492467,1,0.01
3,1.658504821,0.504179918,1,1.459552264,1,0.01
7,0.053835592,0.189051403,1,3.044557703,8,0.01
5,0.102405645,0.13703744,4,5.415000123,0,0.01
2,1.978866606,0.48750479,1,0.908001421,3,0.01
6,1.062308898,0.605859588,2,3.442923151,4,0.01
3,5.59506796,0.270556642,3,3.932851884,4,0.01
2,2.765073158,0.105783719,1,3.868783639,2,0.01
7,1.81504059,0.130516172,2,14.63294927,2,0.01
6,1.572418439,0.166300095,2,3.966855226,2,0.01
3,2.062959781,0.250705452,3,2.818399898,4,0.01
5,0.123837645,0.288371788,1,2.012481449,2,0.00960540973
7,6.698991176,0.389893243,1,2.286196258,1,0.01
4,19.1369552,0.074132566,2,1.702113688,2,0.01
4,0.600798456,0.252496601,0,2.075446316,2,0.01
3,0.38480596,0.077248642,1,2.480493346,2,0.01
6,0.464974221,0.100357596,0,2.973886742,0,0.01
4,3.245504978,0.310611212,3,5.001229434,1,0.01
5,3.249169279,0.218931917,4,1.890818883,7,0.01
7,5.650127851,0.210831967,1,1.907207714,1,0.01
4,4.180880193,0.300859028,1,3.739580712,3,0.01
3,1.791818789,0.355590721,1,3.745836204,1,0.01
1,2.846870739,0.173133023,1,2.217642311,3,0.01
5,3.496994738,0.194368064,0,1.000240431,5,0.01
8,2.15685052,0.36600832,1,6.514358879,1,0.01
5,1.936793269,0.306923377,2,4.663702605,1,0.01
5,3.107736066,0.620690816,1,3.44139619,3,0.01
3,2.445771899,0.206583518,3,5.819222599,3,0.01
3,3.097987493,0.475013904,1,0.681750441,3,0.01
6,2.846866186,0.403474172,1,0.535191414,1,0.00776587463
5,3.810301074,0.326062254,1,3.256957151,2,0.01
7,3.088407759,0.386548648,4,5.313231484,4,0.01
6,2.200298497,0.536770467,1,3.18280481,3,0.01
8,3.435195426,0.073206944,1,0.672672262,4,0.01
8,1.790686688,0.024740654,1,5.318146855,4,0.01
8,0.829914746,0.125698187,0,1.901185326,2,0.01
9,0.00425768,0.14212603,2,6.945976135,1,0.01
5,2.462697215,0.43161334,3,14.10801104,2,0.01
3,2.679592534,0.333058214,3,0.718210553,2,0.01
4,10.73190312,0.375775975,1,1.369961192,1,0.01
5,1.345799015,0.230636541,2,2.679479767,2,0.00880943969
6,1.503285569,0.185064119,1,3.549525327,9,0.01
7,0.676186686,0.272702672,2,6.432024875,2,0.01
4,0.219436107,0.165100828,2,3.135185866,3,0.01
6,4.445833102,0.373786332,2,1.306449439,2,0.01
13,0.861770746,0.371030159,1,4.378442356,1,0.01
3,2.816413279,0.218823674,1,1.386667078,1,0.01
7,3.492074716,0.203047373,4,2.026297987,1,0.01
7,1.911643114,0.095141081,3,6.911043021,2,0.01
2,6.270952122,0.21546065,1,1.860850804,2,0.01
5,1.759854185,0.475560194,1,1.424209244,1,0.01
2,1.006034834,0.469553698,4,2.131830945,4,0.01
4,6.790540951,0.205617716,4,4.829336954,0,0.01
3,5.932047622,0.040761794,0,0.496395836,1,0.01
3,0.537523352,0.332495241,1,4.352241399,4,0.01
1,0.078911862,0.155264516,2,3.074609998,2,0.01
7,0.282884422,0.44057986,1,1.882008936,2,0.01
4,1.012917826,0.317596851,3,3.101314437,2,0.01
9,10.75461815,0.544375238,1,2.80833478,4,0.01
4,2.45284154,0.362087307,1,2.621696689,3,0.01
6,1.401678783,0.277254824,1,2.998505044,4,0.01
3,6.587011911,0.109601325,3,2.891413938,3,0.01
8,1.810667228,0.200748565,2,1.623742306,1,0.008050188940000001
6,1.136054592,0.375028163,3,2.236879578,1,0.01
5,8.501836802,0.366438088,4,4.199388635,4,0.01
3,5.681728755,0.225815466,3,0.904411693,1,0.01
11,5.567327188,0.167470623,2,3.499586872,0,0.01
7,2.1540706,0.560007431,0,1.056499579,0,0.007243081930000001
6,4.673931079,0.060893708,2,3.343325101,4,0.01
6,0.59298799,0.091902641,1,0.851148568,1,0.00850943463
6,2.554480653,0.224223004,0,1.751810983,1,0.01
6,12.37674842,0.678911814,1,3.782121989,2,0.01
5,1.031523369,0.406592919,2,2.703015402,3,0.01
8,4.744772732,0.388811709,1,3.067598662,3,0.01
6,2.022849141,0.411940994,2,1.455921495,2,0.01
8,0.121858805,0.726512812,2,5.576955741,3,0.01
13,4.319330966,0.350651307,1,2.75719589,0,0.01
4,0.55382142,0.093090335,2,2.481733264,1,0.01
1,2.994728517,0.493946076,4,3.170611081,2,0.01
4,0.268672117,0.088831163,1,0.438068214,2,0.01
2,8.804893668,0.070492628,1,2.783532212,2,0.01
7,1.034763814,0.353406554,1,3.249511185,3,0.01
4,0.770351888,0.092592168,4,1.701099775,4,0.01
5,0.414809762,0.147714044,3,6.044376567,1,0.01
8,8.756435552,0.59292859,4,0.822736307,2,0.01
6,3.733381881,0.408857428,1,5.569229622,1,0.01
5,4.060446517,0.045547284,1,7.458477657,5,0.01
2,2.075871036,0.142680619,1,4.522021453,1,0.00942110169
6,1.93151594,0.266785912,1,1.808677134,2,0.01
5,0.349673055,0.141005543,2,3.581229796,0,0.00953018848
6,2.461858413,0.341227961,0,1.435362161,2,0.01
3,0.850737483,0.288598852,1,10.34502843,0,0.01
6,11.33579979,0.269526439,0,2.628835583,3,0.01
6,4.777461279,0.344988655,1,1.482999814,3,0.01
4,1.5981508,0.164515433,0,0.246517205,1,0.00898997725
7,0.492294382,0.19406879,1,3.041262154,4,0.01
4,4.615983575,0.3321123,0,6.575329462,3,0.01
0,0.390509776,0.734401799,1,4.403389039,1,0.00853629698
9,0.629696529,0.470214057,0,6.029770955,1,0.01
1,0.712946682,0.326931502,1,11.30861598,2,0.01
6,2.44181602,0.174192821,1,3.136047808,3,0.01
4,4.640187389,0.412133945,2,2.655321661,4,0.00818168285
5,1.132010291,0.147815554,1,12.63093005,4,0.01
6,0.26541126,0.094117742,3,3.618283461,6,0.01
8,1.873878657,0.070278998,0,0.96227008,3,0.01
4,4.136291256,0.314751717,3,1.805208644,1,0.01
5,0.751790309,0.644108617,3,12.23751104,1,0.01
10,0.745093892,0.253626071,1,4.073350324,3,0.01
5,8.825268303,0.208725683,3,6.646094278,2,0.01
7,9.247384119,0.338720868,2,1.302481671,3,0.01
6,13.95858846,0.159577303,4,6.624083208,1,0.01
4,4.945465705,0.071831829,1,2.471168428,3,0.01
3,0.625445322,0.071639425,3,6.812315074,1,0.01
5,0.714701216,0.262511365,1,9.756247089,1,0.01
4,1.247570332,0.634385144,1,1.745551726,4,0.006408320669999999
4,1.148759902,0.275661439,1,5.340906834,2,0.01
5,9.406897363,0.179034055,1,3.794985168,0,0.01
2,4.66874351,0.38166011,1,2.217616894,0,0.01
7,3.862158808,0.108402982,1,1.891189556,3,0.01
3,0.617249204,0.477877091,4,3.617972663,0,0.01
5,7.208063676,0.383213925,1,1.537939022,1,0.01
6,5.278522435,0.337696916,4,2.939606472,1,0.01
8,0.536095015,0.406891257,1,5.624812899,4,0.01
5,6.14779245,0.17377312,1,0.895331196,4,0.01
3,0.953382933,0.229190537,2,1.38586201,4,0.01
3,0.252982296,0.206818891,2,1.748451928,1,0.008525608359999999
5,3.208520727,0.526988165,2,4.476904278,2,0.01
7,3.182256285,0.330559521,2,6.143851317,2,0.01
5,0.299235632,0.164468159,1,3.541206755,0,0.01
5,1.151926165,0.0472596,3,5.399914754,2,0.01
10,14.80705476,0.231369807,2,4.221255423,3,0.01
2,3.403588995,0.362228204,1,10.41820123,1,0.01
6,3.928835261,0.396490848,4,1.208185335,3,0.01
7,0.718265806,0.367544202,3,1.162461343,0,0.01
4,0.246175946,0.327767659,1,0.23590877,1,0.00559570046
11,0.972630272,0.297262974,4,0.877513103,2,0.01
5,0.858642991,0.343531631,0,1.755400445,1,0.01
4,0.801851028,0.251317056,2,3.392886868,3,0.01
1,0.64238167,0.446534352,1,3.402744624,1,0.01
11,2.565274289,0.128721056,0,4.487820567,5,0.01
3,1.192952797,0.124341049,1,3.143577265,1,0.00753399106
2,5.150151053,0.167144348,1,3.315034484,0,0.01
7,0.609829462,0.295557053,1,4.484790205,0,0.01
5,1.874375133,0.159120602,3,9.452927983,3,0.01
1,0.041255888,0.416897082,0,7.570280229,0,0.01
6,1.971500843,0.060621879,3,1.011290535,5,0.01
4,0.172373254,0.465508671,0,11.6761961,0,0.01
9,11.4126705,0.353502416,1,12.68274634,0,0.01
4,4.690414174,0.535167502,1,1.011122936,1,0.01
9,2.020689476,0.403695978,3,2.612284941,2,0.01
5,0.271702614,0.170911774,0,3.875403507,4,0.01
2,2.692741403,0.23556251,2,4.986406657,1,0.01
8,4.265935614,0.219611909,1,1.371588472,3,0.01
2,0.634820763,0.434552894,1,0.727407395,3,0.01
7,2.519436232,0.323688896,1,7.321705643,1,0.01
9,5.049429333,0.036194851,1,5.524155266,0,0.01
3,4.386259455,0.09431997,1,3.227308197,1,0.01
3,4.873533098,0.287151075,0,2.686578678,3,0.01
6,6.343923735,0.447904776,2,6.055219731,0,0.01
7,8.326519829,0.466510018,3,1.158027034,0,0.01
2,1.560210445,0.336474873,1,4.299546824,1,0.01
9,2.523334822,0.431983934,1,5.60553757,3,0.01
5,4.691379872,0.569025376,2,3.126074582,2,0.01
5,3.583452036,0.428913247,4,1.359895747,1,0.00941454443
3,16.22454956,0.444728722,2,1.464782122,0,0.01
6,0.041316156,0.321779759,4,2.342198248,0,0.008444464189999999
6,1.316134557,0.058377518,4,3.143848355,2,0.01
4,0.989798287,0.344467825,1,1.457180593,2,0.00954065213
6,0.912718582,0.473591988,1,5.971110243,1,0.01
8,0.755129823,0.080357169,3,3.995307005,1,0.01
4,3.704573017,0.21818119,2,0.806315038,0,0.00868585613
6,0.265705133,0.060797553,1,4.169952745,2,0.01
4,4.059842084,0.29147486,2,6.775901876,1,0.01
9,3.546886806,0.392250218,2,4.996096695,0,0.01
5,0.866264473,0.276079005,0,9.447177491,1,0.01
7,0.874402818,0.243967588,1,0.625946789,3,0.01
2,2.973532519,0.058647006,1,1.954341615,3,0.01
4,4.308611383,0.186487879,2,4.593907376,4,0.01
4,6.274192909,0.503611963,3,2.256438195,0,0.01
7,5.734459347,0.462143652,3,3.076207271,1,0.01
3,10.04720931,0.300023271,0,9.820490399,2,0.01
4,2.612410158,0.021873403,4,7.552043427,3,0.01
3,7.179353632,0.557418844,2,4.939252416,4,0.01
3,4.958810354,0.349601003,1,3.582094529,3,0.01
2,6.751903337,0.181162359,2,5.025677216,2,0.01
10,0.035084156,0.211191317,3,5.676390227,6,0.01
3,10.13563691,0.36262536,4,2.288276413,2,0.01
2,1.924683715,0.27492904,0,6.279681242,3,0.01
6,4.801181643,0.302127084,3,4.498281811,1,0.01
4,0.408160692,0.049666787,2,4.438941051,1,0.00870762555
6,1.512250687,0.170411186,1,3.264606656,3,0.01
2,0.950140973,0.142868461,1,4.960543231,1,0.01
4,1.034488016,0.032640007,1,6.786894371,2,0.01
9,0.3946194,0.142121911,1,1.489196944,2,0.01
10,4.916041507,0.199608936,2,11.27044858,2,0.01
5,0.027855869,0.102216096,1,7.182616459,5,0.01
2,1.124104161,0.172626234,3,1.295418118,1,0.0080874141
3,0.574972964,0.455300876,2,6.229435049,0,0.01
7,2.667770445,0.662873522,2,2.848736509,2,0.01
6,0.880104232,0.053403316,2,1.121506499,2,0.01
4,0.899257704,0.265522191,1,1.989032985,1,0.01
2,2.010273929,0.402731163,0,2.109960349,6,0.01
7,3.17260428,0.461972539,1,5.250922082,3,0.01
6,0.387951272,0.454071972,0,3.237192152,2,0.01
7,0.578976082,0.533262967,1,4.46399883,3,0.01
7,0.851766428,0.2636288,2,5.971341705,1,0.01
3,10.92006378,0.552474934,1,4.938726153,2,0.01
3,1.518273049,0.100613972,1,6.047758017,3,0.01
4,2.741307421,0.182308657,2,1.838332261,3,0.01
5,0.829406777,0.174275413,3,2.63499804,3,0.01
2,2.022737967,0.115662396,1,1.56681228,0,0.01
4,0.231029252,0.14048476,2,2.767130675,2,0.01
7,0.106080021,0.044330972,1,1.643094105,3,0.01
5,1.897474653,0.078819997,1,2.115108765,1,0.01
6,1.525780787,0.492458577,0,1.87491219,2,0.00922846816
4,0.441605754,0.272655823,4,3.702056687,1,0.01
9,3.490426305,0.454004178,2,8.501808888,2,0.01
2,14.84445688,0.253967873,1,0.58752791,2,0.01
6,1.510789556,0.106298842,1,2.444499277,3,0.01
4,2.938958923,0.338837502,0,5.537026361,1,0.01
3,9.888562114,0.106940459,1,2.165047069,1,0.01
6,5.343081307,0.543617488,4,6.820577614,0,0.01
7,1.868358187,0.516549503,1,1.549229619,2,0.01
8,4.012392416,0.243835639,0,2.495138803,2,0.01
9,0.411362189,0.074138931,1,2.321536327,0,0.01
5,2.152958143,0.323467253,1,1.917286318,0,0.00791405234
4,0.981599242,0.080650489,3,2.71218256,0,0.01
3,0.527219071,0.298986243,0,6.905395321,3,0.01
7,1.666846159,0.390153457,0,3.70165177,5,0.01
4,0.421286707,0.231521943,3,9.712904789,2,0.01
8,3.601786623,0.335975193,4,1.37408371,4,0.01
8,1.827742161,0.514489294,2,7.997753545,2,0.01
1,2.272382829,0.129849971,4,0.329327409,1,0.00565124209
5,0.474793174,0.12519723,4,5.586344393,1,0.01
4,0.451672244,0.310140971,2,10.52793383,2,0.01
3,2.626997404,0.615190886,3,10.08051226,1,0.01
2,12.60106543,0.194929895,2,1.934418074,1,0.01
8,0.303609453,0.198601754,2,6.157710663,2,0.01
8,1.009488711,0.574587016,4,7.507664139,3,0.01
3,6.108206454,0.23648942,1,5.36027216,2,0.01
4,0.225050117,0.203044728,1,2.245111167,2,0.01
12,6.259657608,0.044932579,2,1.701089769,1,0.01
3,2.228815232,0.235058889,1,2.890894682,2,0.01
3,1.574098132,0.145797051,2,5.949363017,0,0.01
4,1.111802515,0.143394417,0,2.43720601,2,0.01
3,1.057695167,0.233522796,3,2.930632677,6,0.01
4,1.094996687,0.236160994,4,2.984800524,0,0.01
6,6.483336827,0.088121854,1,5.00564209,1,0.01
4,3.859838306,0.280376015,0,3.345964183,2,0.01
3,3.323470819,0.163877197,3,1.962728003,2,0.01
8,4.809609402,0.404462449,1,1.908008539,1,0.01
2,0.891640712,0.318955929,3,8.271883473,6,0.01
3,2.887340251,0.130977788,0,6.172665477,0,0.01
7,1.848926435,0.415561678,1,4.97884966,1,0.01
3,4.575864362,0.163215624,2,3.751940843,1,0.01
7,1.109958484,0.377159081,0,0.572662857,3,0.01
5,3.091559849,0.230541897,1,7.594405146,1,0.01
2,6.41661713,0.102762025,3,1.986798624,4,0.01
9,1.543248567,0.456930296,2,2.139966282,1,0.01
4,0.206835327,0.112152194,1,5.694481363,2,0.01
3,2.177326148,0.252808463,3,7.605397338,1,0.01
1,1.273817583,0.323758367,1,3.399025179,0,0.0099764479
2,3.346287128,0.231582786,4,4.481667298,3,0.01
6,9.049821421,0.148317516,1,0.686309314,1,0.01
10,1.994310829,0.036026247,1,3.652873189,3,0.01
6,1.883147219,0.380186645,2,2.842953574,2,0.01
6,3.189024324,0.507660352,1,4.643855808,3,0.01
2,0.327762604,0.579079154,1,3.989956872,2,0.0094406636
4,0.877103858,0.335075572,4,1.418386102,2,0.00947612131
5,7.539152748,0.093588874,0,6.189655777,0,0.01
8,3.325466222,0.144155968,4,5.131592069,2,0.01
5,0.0406057,0.354172852,2,2.600876433,4,0.01
3,0.686826515,0.239482759,4,0.933072889,2,0.01
1,3.445020841,0.028535166,0,9.831420598,1,0.01
7,4.336849328,0.22017985,2,3.392852947,3,0.01
7,5.495112534,0.212902218,1,4.631772796,3,0.01
4,1.036682816,0.098037163,1,1.886511478,2,0.01
4,8.022189897,0.220423602,2,5.284369942,2,0.01
4,2.415233655,0.089816833,0,3.71230984,2,0.01
9,3.577506754,0.352173018,2,4.128122219,3,0.01
1,2.724512831,0.207187195,3,1.324205636,2,0.01
3,0.392855783,0.095559463,1,3.824416338,1,0.01
4,9.899823241,0.446622232,1,1.28867457,1,0.01
3,0.39331928,0.278340224,2,5.037583871,2,0.01
3,0.882637876,0.338025521,0,5.18690764,3,0.01
